RespondentID,Have you seen any of the 6 films in the Star Wars franchise?,Do you consider yourself to be a fan of the Star Wars film franchise?,Which of the following Star Wars films have you seen? Please select all that apply,Respondents who watched The Phantom Menace,Respondents who watched Attack of the Clones,Respondents who watched Revenge of the Sith,Respondents who watched A New Hope,Respondents who watched The Empire Strikes Back,Respondents who watched Return of the Jedi,Please rank the Star Wars films in order of preference with 1 being your favorite film in the franchise and 6 being your least favorite film.,Rank_Star Wars: Episode I  The Phantom Menace,Rank_Star Wars: Episode II  Attack of the Clones,Rank_Star Wars: Episode III  Revenge of the Sith,Rank_Star Wars: Episode IV  A New Hope,Rank_Star Wars: Episode V The Empire Strikes Back,Rank_Star Wars: Episode VI Return of the Jedi,"Please state whether you view the following characters favorably, unfavorably, or are unfamiliar with him/her.",Han Solo,Luke Skywalker,Princess Leia Organa,Anakin Skywalker,Obi Wan Kenobi,Emperor Palpatine,Darth Vader,Lando Calrissian,Boba Fett,C-3P0,R2 D2,Jar Jar Binks,Padme Amidala,Yoda,Which character shot first?,Are you familiar with the Expanded Universe?,Do you consider yourself to be a fan of the Expanded Universe?,Do you consider yourself to be a fan of the Star Trek franchise?,Gender,Age,Household Income,Education,Location (Census Region),missing
3292765271,1,0,3,1,2,3,-1,-1,-1,,1,2,3,4,5,6,,5,5,5,5,5,1,1,1,1,1,1,1,1,1,3,0,-1,0,0,1,1,2,8,4
3292763116,1,1,6,1,2,3,4,5,6,,5,6,1,2,4,3,,6,6,6,6,6,5,6,5,3,6,6,6,6,6,3,0,-1,1,0,1,4,3,8,1
3292731220,1,1,6,1,2,3,4,5,6,,5,4,6,2,1,3,,6,5,5,3,6,2,5,4,6,5,5,2,5,5,1,1,0,0,0,1,4,3,8,0
3292719380,1,1,6,1,2,3,4,5,6,,1,4,3,6,5,2,,6,6,6,6,6,4,6,4,5,5,5,5,4,6,2,1,0,1,0,1,2,4,3,0
3292654043,1,1,6,1,2,3,4,5,6,,5,4,6,2,1,3,,6,3,5,5,5,6,6,6,6,4,5,2,3,5,2,0,-1,0,0,1,1,3,7,1
3292640424,1,0,1,-1,2,-1,-1,-1,-1,,1,2,3,4,5,6,,4,6,6,6,6,3,6,3,3,6,6,6,3,6,3,0,-1,0,0,1,2,3,6,6
3292609214,1,0,6,1,2,3,4,5,6,,3,4,5,6,1,2,,5,6,5,5,5,5,6,4,5,6,6,6,5,6,1,0,-1,0,0,1,2,4,7,1
3292596911,1,1,6,1,2,3,4,5,6,,4,5,6,2,3,1,,6,6,6,5,6,1,2,1,4,6,6,1,6,6,3,0,-1,0,0,2,3,5,4,1
3292583038,1,1,6,1,2,3,4,5,6,,4,6,5,3,1,2,,6,5,5,3,6,5,6,5,6,3,4,2,2,5,2,1,1,1,0,1,1,3,9,0
3292580516,1,1,1,-1,-1,-1,4,-1,-1,,4,1,2,3,5,6,,4,5,3,4,2,5,3,4,5,4,3,4,3,2,2,1,1,0,0,1,3,4,5,5
3292562297,1,1,6,1,2,3,4,5,6,,6,5,1,4,3,2,,6,5,6,6,5,3,6,2,6,5,6,3,6,6,1,0,-1,1,0,1,3,3,8,1
3292511801,1,1,6,1,2,3,4,5,6,,6,5,4,3,1,2,,6,6,6,4,6,2,5,5,3,6,6,2,4,6,1,1,1,1,0,1,3,4,7,0
3292483200,1,1,6,1,2,3,4,5,6,,6,1,4,2,3,5,,6,5,5,3,5,5,6,4,4,5,6,5,4,6,2,0,-1,0,0,1,1,4,6,1
3292420123,1,1,6,1,2,3,4,5,6,,4,6,5,2,3,1,,6,5,5,5,6,5,5,5,6,6,6,2,5,6,1,1,0,0,0,1,4,3,7,0
3292376985,1,1,6,1,2,3,4,5,6,,4,6,5,2,1,3,,6,6,6,2,6,6,6,6,6,6,6,1,2,6,2,1,1,1,0,1,5,3,1,0
3292366792,1,0,6,1,2,3,4,5,6,,4,3,5,6,2,1,,4,4,4,4,5,1,5,5,5,5,5,3,1,5,3,0,-1,0,0,2,1,2,5,1
3292339379,1,1,6,1,2,3,4,5,6,,6,5,4,2,1,3,,6,6,6,6,6,6,6,6,6,6,6,2,6,6,2,1,1,1,0,2,3,3,8,0
3292318652,1,0,2,-1,2,3,-1,-1,-1,,6,1,2,3,4,5,,-1,-1,-1,-1,-1,-1,-1,-1,-1,-1,-1,-1,-1,-1,2,0,-1,0,0,1,3,2,4,19
3292290677,1,1,6,1,2,3,4,5,6,,6,3,4,1,2,5,,6,6,6,6,6,5,5,4,6,6,6,2,6,6,2,0,-1,0,0,2,5,5,1,1
3292281095,1,1,6,1,2,3,4,5,6,,3,2,1,4,6,5,,5,4,4,6,5,4,5,4,4,4,4,4,4,4,1,0,-1,0,0,1,1,4,8,1
3292264069,1,1,6,1,2,3,4,5,6,,6,3,5,1,4,2,,5,5,5,5,5,5,5,5,5,5,5,4,5,5,2,1,0,1,0,2,3,4,3,0
3292257520,1,1,6,1,2,3,4,5,6,,4,5,6,3,2,1,,6,6,6,5,6,3,6,5,6,6,6,4,6,6,1,1,1,1,0,2,1,2,8,0
3292249492,1,1,6,1,2,3,4,5,6,,5,6,2,3,4,1,,6,6,6,4,6,5,6,6,4,6,6,2,4,6,2,0,-1,1,0,2,4,5,3,1
3292222729,1,1,6,1,2,3,4,5,6,,6,5,4,2,1,3,,6,6,6,5,6,5,6,6,6,5,5,5,5,6,2,1,1,0,0,2,4,5,6,0
3292221635,1,1,6,1,2,3,4,5,6,,5,6,4,2,1,3,,6,6,6,5,6,5,5,5,6,3,5,2,5,4,1,1,1,0,0,1,2,4,8,0
3292218251,1,1,6,1,2,3,4,5,6,,6,5,4,2,1,3,,6,6,6,5,6,5,6,5,5,6,6,2,6,6,2,1,1,1,0,1,5,4,6,0
3292214307,1,1,6,1,2,3,4,5,6,,5,6,4,3,2,1,,6,6,6,5,5,5,5,5,5,5,5,4,3,5,2,1,0,0,0,1,2,2,5,0
3292189580,1,1,6,1,2,3,4,5,6,,5,4,6,3,1,2,,6,6,6,3,6,2,2,3,2,6,6,6,6,6,2,1,1,1,0,2,3,3,8,0
3292187343,1,0,6,1,2,3,4,5,6,,6,5,4,1,2,3,,6,6,6,4,5,1,3,1,3,5,5,2,4,6,1,0,-1,0,0,1,3,3,6,1
3292178389,1,1,4,1,-1,-1,4,5,6,,4,6,5,3,1,2,,6,5,6,5,6,5,6,4,6,4,6,2,5,6,1,0,-1,1,0,1,3,4,4,3
3292173922,1,1,6,1,2,3,4,5,6,,4,5,1,6,2,3,,6,6,6,6,6,5,6,6,5,5,6,5,5,6,3,0,-1,1,0,2,3,3,9,1
3292167131,1,1,6,1,2,3,4,5,6,,5,6,4,2,1,3,,6,6,6,5,5,5,5,5,5,5,5,3,2,5,2,1,0,0,0,1,2,2,5,0
3292162057,1,1,6,1,2,3,4,5,6,,6,5,4,2,1,3,,6,5,5,5,6,5,6,5,6,4,5,1,4,5,1,0,-1,0,0,1,4,3,4,1
3292156614,1,1,6,1,2,3,4,5,6,,4,6,5,2,1,3,,6,6,6,5,6,6,6,6,6,6,6,2,5,6,2,0,-1,0,0,1,5,4,9,1
3292148570,1,1,6,1,2,3,4,5,6,,6,4,5,3,1,2,,6,5,5,4,4,4,5,4,5,6,5,2,3,5,2,0,-1,1,0,1,3,5,8,1
3292144665,1,1,6,1,2,3,4,5,6,,6,4,5,3,1,2,,6,6,6,2,6,5,6,6,6,6,6,2,6,6,2,1,1,0,0,1,1,2,5,0
3292143503,1,0,5,1,2,-1,4,5,6,,5,4,6,1,3,2,,5,5,5,5,6,1,2,1,6,3,6,2,5,5,3,0,-1,0,0,1,3,4,6,2
3292131636,1,1,6,1,2,3,4,5,6,,5,6,2,3,1,4,,6,6,6,3,5,4,6,3,6,2,5,1,4,4,1,1,0,0,0,1,5,4,6,0
3292125068,1,1,1,-1,-1,-1,4,-1,-1,,1,2,3,4,5,6,,-1,3,5,-1,3,-1,-1,-1,-1,-1,-1,-1,-1,-1,1,0,-1,1,0,2,4,5,6,17
3292120160,1,1,6,1,2,3,4,5,6,,4,5,6,2,1,3,,6,6,6,5,6,5,6,6,6,5,6,4,4,6,2,1,1,0,0,1,4,3,5,0
3292103680,1,1,6,1,2,3,4,5,6,,6,5,4,2,1,3,,6,6,6,3,6,2,3,3,3,6,6,2,5,6,1,0,-1,0,0,2,3,3,6,1
3292050153,1,0,6,1,2,3,4,5,6,,1,2,3,4,5,6,,5,5,5,5,6,1,6,4,4,4,5,4,4,5,3,0,-1,0,0,1,1,3,6,1
3292041365,1,1,6,1,2,3,4,5,6,,6,5,4,2,1,3,,5,4,5,4,5,3,6,5,6,5,6,3,5,6,2,1,1,1,0,1,5,3,2,0
3292033243,1,1,6,1,2,3,4,5,6,,6,1,5,3,4,2,,6,6,6,5,6,6,6,6,6,6,6,3,5,6,1,1,1,0,0,1,3,3,7,0
3292031637,1,0,6,1,2,3,4,5,6,,6,5,2,4,3,1,,6,6,6,5,6,1,6,1,5,5,5,2,1,5,3,0,-1,0,0,1,2,5,2,1
3292008762,1,1,6,1,2,3,4,5,6,,5,6,4,2,1,3,,6,5,5,2,6,6,6,6,5,4,4,2,3,5,2,1,1,1,0,1,2,3,2,0
3291992352,1,1,6,1,2,3,4,5,6,,4,5,3,6,2,1,,6,6,6,3,-1,5,6,6,4,6,2,-1,6,6,1,0,-1,1,0,2,4,5,8,3
3291945498,1,1,6,1,2,3,4,5,6,,6,4,5,2,1,3,,6,5,6,3,6,4,5,5,5,6,6,1,3,5,2,0,-1,1,0,2,3,5,8,1
3291940517,1,1,6,1,2,3,4,5,6,,6,5,4,3,2,1,,6,5,5,5,5,5,5,4,5,5,6,2,5,6,2,0,-1,1,0,1,4,4,8,1
3291871486,1,1,6,1,2,3,4,5,6,,5,6,2,4,1,3,,6,6,6,5,6,6,6,6,6,6,6,2,6,6,1,1,0,1,0,1,4,5,7,0
3291778150,1,1,6,1,2,3,4,5,6,,4,5,6,1,2,3,,6,6,6,6,6,6,6,4,6,6,6,6,6,6,1,0,-1,1,0,1,2,4,3,1
3291766314,1,0,6,1,2,3,4,5,6,,4,5,6,2,3,1,,6,5,6,4,5,4,4,4,3,6,6,6,5,6,3,0,-1,0,0,2,3,2,6,1
3291762799,1,1,6,1,2,3,4,5,6,,3,4,5,6,1,2,,6,6,6,6,6,4,5,4,3,6,6,3,3,6,1,0,-1,1,0,2,3,3,1,1
3291707153,1,0,2,-1,-1,-1,-1,5,6,,3,4,5,6,1,2,,5,6,6,5,5,4,3,4,3,5,5,5,4,6,1,0,-1,0,0,2,3,4,9,5
3291696391,1,1,5,1,2,-1,4,5,6,,5,4,6,1,2,3,,6,6,6,5,6,4,6,5,6,5,6,2,4,5,2,1,0,0,0,2,4,4,8,1
3291684768,1,1,6,1,2,3,4,5,6,,6,5,4,1,2,3,,6,6,6,3,6,4,2,5,2,5,5,2,6,6,2,0,-1,0,0,2,4,5,1,1
3291661584,1,0,2,-1,-1,-1,-1,5,6,,6,5,4,3,2,1,,5,5,5,4,5,4,5,1,4,5,5,1,1,5,3,0,-1,0,0,4,3,3,7,5
3291654919,1,1,6,1,2,3,4,5,6,,6,5,4,2,3,1,,6,6,6,5,6,2,2,6,2,6,6,2,6,6,1,0,-1,1,0,4,3,5,1,1
3291650311,1,1,6,1,2,3,4,5,6,,6,5,3,2,1,4,,6,6,6,6,6,6,6,5,5,6,6,2,5,6,2,0,-1,1,0,2,2,3,1,1
3291641416,1,0,5,1,2,3,-1,5,6,,1,4,3,6,5,2,,6,5,5,4,5,4,4,4,3,4,5,3,-1,6,1,1,0,1,0,4,4,5,1,2
3291634205,1,0,5,1,2,-1,4,5,6,,5,4,6,2,3,1,,6,4,4,4,4,1,5,4,4,3,4,2,4,5,2,0,-1,0,0,2,1,4,6,2
3291602842,1,1,6,1,2,3,4,5,6,,1,2,3,4,5,6,,4,5,5,6,6,4,6,3,4,6,6,4,4,4,1,1,0,0,0,2,3,2,6,0
3291598188,1,1,4,-1,-1,3,4,5,6,,6,5,4,3,2,1,,6,6,6,6,6,2,2,4,4,6,6,1,1,6,3,0,-1,1,0,4,3,2,7,3
3291588139,1,1,6,1,2,3,4,5,6,,1,4,5,2,3,6,,6,6,4,5,6,4,6,6,4,6,6,4,1,6,2,0,-1,1,0,4,3,4,9,1
3291548852,1,1,6,1,2,3,4,5,6,,6,5,4,1,3,2,,6,6,6,5,6,6,6,5,6,6,6,2,5,6,1,0,-1,0,0,2,3,4,1,1
3291529925,1,1,6,1,2,3,4,5,6,,3,5,6,2,1,4,,6,6,5,5,6,3,6,3,4,6,6,3,5,6,3,0,-1,0,0,2,4,4,3,1
3291524547,1,0,3,1,2,3,-1,-1,-1,,1,2,3,4,5,6,,6,6,6,1,1,1,6,1,1,6,6,1,1,6,1,0,-1,0,0,4,3,4,1,4
3291502449,1,1,4,1,2,-1,-1,5,6,,2,3,6,5,1,4,,6,6,6,6,6,4,6,1,1,6,6,1,1,5,3,0,-1,1,0,4,4,3,7,3
3291497337,1,1,6,1,2,3,4,5,6,,6,5,4,1,3,2,,6,6,6,4,6,4,6,4,4,-1,5,2,5,6,1,1,1,1,0,4,5,4,7,1
3291482197,1,1,6,1,2,3,4,5,6,,5,3,4,6,2,1,,5,5,5,5,5,5,5,5,4,4,4,3,5,6,1,0,-1,1,0,2,2,5,7,1
3291468155,1,0,3,-1,-1,-1,4,5,6,,4,5,6,1,2,3,,6,4,5,1,5,1,5,5,3,4,4,4,1,5,1,0,-1,1,0,4,4,3,6,4
3291455642,1,0,1,-1,-1,-1,-1,5,-1,,2,3,4,5,1,6,,-1,6,6,-1,6,-1,2,-1,-1,6,6,6,-1,-1,3,0,-1,0,0,4,2,3,7,13
3291446474,1,0,2,-1,-1,-1,-1,5,6,,3,4,5,6,2,1,,5,6,6,1,5,1,6,1,5,6,6,1,1,6,3,0,-1,0,0,2,3,2,1,5
3291446275,1,1,6,1,2,3,4,5,6,,3,5,6,2,4,1,,5,5,5,5,5,5,5,5,5,5,5,5,5,5,2,0,-1,1,0,2,3,3,3,1
3291439708,1,1,4,1,2,-1,-1,5,6,,1,4,5,6,2,3,,6,5,5,-1,6,4,2,1,4,6,6,2,1,5,1,1,0,1,1,4,3,4,7,3
3291439404,1,0,1,1,-1,-1,-1,-1,-1,,1,2,3,4,5,6,,6,5,5,1,6,1,3,1,1,6,6,1,1,5,3,0,-1,0,1,4,2,5,6,6
3291437345,1,0,6,1,2,3,4,5,6,,4,5,2,1,3,6,,6,6,6,5,6,5,6,5,5,6,6,5,5,6,2,0,-1,0,0,2,3,3,8,1
3291435787,1,0,3,1,-1,-1,-1,5,6,,3,4,5,6,1,2,,6,6,6,5,5,4,6,4,4,6,6,4,4,5,3,0,-1,0,1,2,3,5,7,4
3291433636,1,0,5,1,2,3,-1,5,6,,3,4,5,6,2,1,,6,6,6,5,5,1,6,1,4,6,6,6,1,3,3,0,-1,0,1,2,2,4,9,2
3291431939,1,1,6,1,2,3,4,5,6,,3,6,4,1,2,5,,6,6,6,5,5,6,6,5,5,6,6,5,6,6,2,0,-1,1,1,2,2,5,7,1
3291428174,1,0,3,-1,-1,3,-1,5,6,,4,5,3,6,1,2,,6,6,6,6,6,4,5,4,4,-1,5,4,4,5,3,0,-1,0,1,2,3,3,1,5
3291425110,1,1,6,1,2,3,4,5,6,,6,4,5,1,2,3,,6,6,6,3,6,2,6,5,5,5,6,2,4,6,2,1,0,1,1,2,3,5,7,0
3291424127,1,1,6,1,2,3,4,5,6,,4,5,6,3,2,1,,6,5,6,4,6,3,6,5,6,6,6,3,1,6,3,0,-1,0,1,4,2,4,7,1
3291422637,1,0,3,-1,-1,-1,4,5,6,,4,5,6,2,3,1,,6,5,5,-1,6,-1,2,-1,-1,5,5,-1,-1,6,3,0,-1,0,1,4,2,5,1,10
3291401326,1,1,6,1,2,3,4,5,6,,2,3,4,1,5,6,,5,5,5,4,6,2,2,3,3,5,5,2,2,6,3,0,-1,1,0,4,2,2,3,1
3291395512,1,1,6,1,2,3,4,5,6,,6,5,4,2,3,1,,6,6,6,3,6,2,3,3,5,5,5,2,6,6,3,1,0,0,1,2,3,4,7,0
3291394022,1,0,3,1,-1,-1,-1,5,6,,3,4,5,6,1,2,,6,6,5,5,6,3,3,5,1,4,6,2,1,6,2,0,-1,1,0,3,3,3,7,4
3291391446,1,1,2,-1,-1,-1,-1,5,6,,4,5,6,3,2,1,,6,6,6,6,6,4,5,6,5,6,6,5,5,6,2,0,-1,1,1,4,2,3,1,5
3291388180,1,0,4,1,-1,3,-1,5,6,,3,6,4,5,1,2,,6,6,6,6,6,5,3,4,4,6,6,5,4,6,3,0,-1,0,1,4,3,3,3,3
3291380973,1,0,2,-1,-1,-1,-1,5,6,,5,6,3,4,1,2,,6,6,5,1,6,2,2,5,1,6,6,1,1,5,3,0,-1,1,1,4,2,4,3,5
3291378572,1,0,2,1,2,-1,-1,-1,-1,,1,2,3,4,5,6,,1,6,6,6,6,1,2,1,1,1,6,1,1,5,3,0,-1,0,1,4,3,4,3,5
3291375306,1,0,2,-1,-1,-1,-1,5,6,,2,3,4,5,6,1,,4,2,2,2,2,4,2,4,4,4,2,2,4,2,3,0,-1,0,1,2,2,3,7,5
3291345427,1,1,6,1,2,3,4,5,6,,4,5,6,1,2,3,,6,6,6,5,6,3,3,6,4,5,5,5,5,6,1,0,-1,0,1,4,4,5,1,1
3291330710,1,0,6,1,2,3,4,5,6,,6,5,4,2,3,1,,6,6,5,4,4,4,6,4,4,5,6,5,4,6,1,0,-1,0,0,2,1,3,1,1
3291327304,1,0,2,-1,-1,-1,-1,5,6,,1,2,4,5,6,3,,5,5,5,5,4,4,3,4,4,5,5,4,4,5,3,0,-1,0,1,2,4,3,7,5
3291320154,1,1,6,1,2,3,4,5,6,,4,5,6,2,3,1,,6,6,5,3,5,1,2,5,2,5,5,4,5,6,3,0,-1,1,0,2,4,5,3,1
3291312980,1,0,1,-1,-1,-1,-1,5,-1,,4,2,3,5,1,6,,5,5,5,5,5,3,3,3,3,5,5,2,3,6,2,0,-1,0,1,1,1,2,8,6
3291288174,1,1,3,1,-1,-1,-1,5,6,,4,5,6,2,3,1,,6,6,6,5,6,4,3,1,3,6,6,4,1,6,2,0,-1,1,1,4,3,4,8,4
3291271932,1,0,4,1,-1,-1,4,5,6,,4,5,6,1,3,2,,5,6,5,4,6,1,3,2,3,5,4,2,1,5,2,0,-1,0,1,2,3,4,8,3
3291267852,1,0,3,-1,-1,-1,4,5,6,,4,6,5,1,2,3,,5,5,5,4,5,1,4,1,4,5,5,1,1,5,3,0,-1,1,0,3,4,4,3,4
3291262515,1,0,6,1,2,3,4,5,6,,4,5,6,3,1,2,,5,5,5,5,5,1,5,1,-1,6,6,6,1,6,3,0,-1,0,1,2,3,4,9,2
3291206864,1,0,6,1,2,3,4,5,6,,3,1,2,4,5,6,,4,5,6,6,5,4,2,1,1,5,5,6,6,6,1,0,-1,0,1,1,2,3,6,1
3291184745,1,1,6,1,2,3,4,5,6,,4,5,6,2,1,3,,6,6,6,6,6,6,6,6,6,6,6,4,6,6,1,0,-1,0,1,2,3,4,7,1
3291181010,1,0,6,1,2,3,4,5,6,,6,5,4,3,1,2,,4,3,4,2,5,2,2,3,3,2,5,2,3,6,2,0,-1,0,0,2,1,5,6,1
3291141478,1,1,6,1,2,3,4,5,6,,1,2,3,6,5,4,,6,6,6,6,6,4,6,4,4,6,6,6,6,6,2,1,1,1,1,4,5,5,6,0
3291121359,1,0,2,-1,-1,-1,-1,5,6,,3,5,6,4,1,2,,6,6,6,6,6,4,5,4,4,5,6,4,4,6,1,1,0,1,0,3,2,4,7,4
3291119656,1,0,6,1,2,3,4,5,6,,3,1,2,4,5,6,,4,4,4,4,4,4,5,5,5,4,4,4,4,5,2,0,-1,0,0,2,2,2,4,1
3291101925,1,0,6,1,2,3,4,5,6,,6,4,2,5,3,1,,6,5,6,4,5,4,5,3,3,4,5,2,4,6,2,1,0,0,1,1,1,4,4,0
3291094347,1,0,3,1,2,-1,-1,-1,6,,1,3,4,5,6,2,,5,6,6,6,6,4,6,4,4,6,6,4,4,6,3,0,-1,1,1,2,3,3,6,4
3291092094,1,0,3,-1,-1,-1,4,5,6,,2,1,4,3,5,6,,6,6,6,5,5,4,5,4,4,6,6,4,4,6,2,0,-1,0,1,3,2,2,1,4
3291077381,1,0,6,1,2,3,4,5,6,,5,6,4,2,1,3,,4,4,4,3,5,4,4,4,4,3,5,2,5,5,2,0,-1,1,0,3,5,5,4,1
3291075212,1,1,6,1,2,3,4,5,6,,6,5,4,2,1,3,,6,6,6,3,6,6,6,6,6,6,6,2,4,6,2,1,0,1,0,2,4,3,2,0
3291063226,1,1,6,1,2,3,4,5,6,,5,6,4,1,2,3,,6,6,6,6,6,2,5,6,2,6,6,3,2,6,1,0,-1,0,1,1,5,4,6,1
3291060156,1,1,3,-1,-1,-1,4,5,6,,4,5,6,1,3,2,,6,6,6,2,5,2,2,5,3,6,6,3,4,6,1,0,-1,0,1,2,1,4,4,4
3291056296,1,1,6,1,2,3,4,5,6,,5,6,4,1,2,3,,6,6,6,6,6,5,6,5,6,6,6,6,5,6,2,1,1,0,1,1,2,3,8,0
3291052728,1,1,6,1,2,3,4,5,6,,5,6,4,1,2,3,,6,6,6,3,6,2,2,5,4,6,6,5,6,6,2,1,0,1,0,3,3,5,9,0
3291051343,1,1,6,1,2,3,4,5,6,,5,6,4,2,1,3,,6,5,5,4,5,5,5,4,4,5,5,2,5,5,2,0,-1,1,0,3,1,2,3,1
3291042516,1,0,6,1,2,3,4,5,6,,3,4,5,6,1,2,,6,6,6,6,6,4,6,6,6,6,6,6,4,6,3,0,-1,0,1,3,4,4,6,1
3291034202,1,1,6,1,2,3,4,5,6,,6,5,4,2,1,3,,6,6,6,5,5,6,6,5,6,5,6,2,2,6,2,0,-1,0,0,2,5,4,3,1
3291032418,1,0,3,-1,-1,-1,4,5,6,,4,5,6,1,2,3,,6,6,6,6,6,2,2,5,5,6,6,2,6,6,2,0,-1,0,1,3,3,2,1,4
3291028446,1,1,6,1,2,3,4,5,6,,6,5,4,2,1,3,,6,5,5,2,5,6,5,5,4,5,4,2,2,6,2,1,1,0,0,2,2,3,7,0
3291024297,1,1,6,1,2,3,4,5,6,,6,5,4,2,1,3,,6,6,6,-1,-1,2,2,4,3,6,6,2,4,6,2,0,-1,1,0,4,1,5,3,3
3291023456,1,1,6,1,2,3,4,5,6,,6,2,1,4,5,3,,6,6,5,6,6,3,6,4,3,5,6,1,6,6,2,1,1,1,1,1,3,3,9,0
3291022655,1,1,4,1,2,-1,-1,5,6,,4,3,6,5,1,2,,1,6,6,6,6,2,2,1,1,6,6,1,1,6,3,0,-1,1,1,4,3,3,7,3
3291019033,1,1,6,1,2,3,4,5,6,,1,5,2,3,4,6,,6,6,6,6,6,3,3,4,3,5,5,5,6,6,1,0,-1,1,1,2,3,3,9,1
3291014757,1,1,6,1,2,3,4,5,6,,6,3,4,5,2,1,,6,5,6,6,6,5,3,6,2,6,6,1,1,6,3,0,-1,0,1,4,4,5,4,1
3291007877,1,1,6,1,2,3,4,5,6,,5,6,4,1,2,3,,6,6,6,6,6,6,6,6,6,6,6,4,6,6,2,1,1,1,0,3,4,4,3,0
3291002672,1,0,2,-1,-1,-1,-1,5,6,,3,4,5,2,6,1,,6,6,6,5,6,1,6,1,-1,4,4,5,-1,6,3,0,-1,0,0,3,5,3,1,7
3290999912,1,0,2,1,-1,-1,-1,5,-1,,2,3,4,5,1,6,,5,6,6,1,6,1,5,4,1,6,6,1,1,6,3,0,-1,1,1,3,1,4,9,5
3290996933,1,1,6,1,2,3,4,5,6,,4,5,6,2,1,3,,6,5,6,5,6,5,6,6,6,4,5,3,6,6,2,1,1,0,0,1,3,3,6,0
3290994001,1,0,5,1,2,3,4,-1,6,,5,3,6,1,2,4,,6,6,6,5,6,6,6,5,6,6,6,2,2,5,1,1,0,0,0,1,1,2,3,1
3290992477,1,1,5,1,2,-1,4,5,6,,4,5,6,2,1,3,,5,5,5,5,5,1,5,4,4,6,6,5,1,6,2,0,-1,1,1,1,2,4,1,2
3290987996,1,1,6,1,2,3,4,5,6,,6,2,4,3,1,5,,6,6,6,6,6,-1,4,6,6,6,6,3,5,6,1,1,0,1,0,2,1,5,4,1
3290975724,1,1,6,1,2,3,4,5,6,,1,2,3,4,5,6,,5,5,5,5,6,4,6,4,4,5,5,4,4,6,2,0,-1,1,0,4,3,2,4,1
3290972257,1,1,6,1,2,3,4,5,6,,4,5,6,1,3,2,,6,6,6,6,6,6,6,6,6,6,6,2,1,6,2,0,-1,1,0,2,4,5,6,1
3290971358,1,1,2,1,2,-1,-1,-1,-1,,2,1,3,4,5,6,,4,5,5,4,6,4,6,5,4,6,6,5,4,6,1,0,-1,0,1,2,3,3,6,5
3290961497,1,1,6,1,2,3,4,5,6,,5,1,6,2,3,4,,6,5,5,6,6,2,2,5,5,3,6,3,5,6,1,0,-1,0,0,1,3,4,1,1
3290948002,1,0,2,-1,-1,-1,-1,5,6,,3,4,5,6,1,2,,6,6,6,1,6,1,5,1,1,6,6,1,1,6,3,1,0,0,1,4,1,5,7,4
3290947136,1,0,6,1,2,3,4,5,6,,1,2,3,5,6,4,,6,6,6,6,6,4,2,4,3,6,6,6,6,6,1,0,-1,1,1,3,2,3,8,1
3290947011,1,0,6,1,2,3,4,5,6,,5,2,1,4,3,6,,5,5,5,5,5,5,5,5,5,5,5,5,5,5,2,0,-1,1,0,1,4,2,3,1
3290944858,1,1,6,1,2,3,4,5,6,,3,1,2,4,5,6,,6,6,6,6,6,5,6,5,6,6,6,2,6,6,1,0,-1,1,0,2,4,3,6,1
3290934328,1,0,2,-1,-1,-1,4,5,-1,,1,6,5,3,2,4,,6,6,6,4,6,5,6,5,5,6,6,2,3,5,2,0,-1,0,0,3,3,4,1,5
3290929229,1,1,6,1,2,3,4,5,6,,4,5,6,1,2,3,,6,6,6,5,5,4,4,4,4,5,5,4,4,4,1,0,-1,1,0,2,3,5,6,1
3290922858,1,0,6,1,2,3,4,5,6,,4,5,6,1,2,3,,6,6,5,5,6,4,6,4,4,5,5,5,5,6,3,1,0,0,0,4,3,2,3,0
3290920752,1,0,1,1,-1,-1,-1,-1,-1,,1,2,3,4,5,6,,4,4,4,4,4,4,4,4,4,4,4,4,4,4,3,0,-1,0,1,4,1,3,6,6
3290917153,1,1,6,1,2,3,4,5,6,,5,6,4,2,1,3,,6,6,6,3,5,5,3,4,4,5,5,2,4,4,1,0,-1,0,0,2,5,5,1,1
3290912014,1,0,3,-1,-1,-1,4,5,6,,4,5,6,1,3,2,,6,6,6,1,5,4,4,1,-1,6,6,4,1,5,2,0,-1,0,1,3,3,3,1,5
3290906022,1,0,3,-1,-1,-1,4,5,6,,4,5,6,2,3,1,,5,5,5,5,5,1,2,1,1,5,5,1,1,5,3,0,-1,0,0,3,4,3,4,4
3290903423,1,0,2,-1,-1,-1,-1,5,6,,3,4,5,6,1,2,,6,6,6,3,5,1,3,1,3,6,6,5,1,5,3,0,-1,0,1,3,3,5,4,5
3290902880,1,1,6,1,2,3,4,5,6,,4,6,5,1,2,3,,6,6,6,5,6,3,6,4,4,6,6,4,6,6,2,0,-1,0,1,3,5,5,7,1
3290901027,1,1,6,1,2,3,4,5,6,,4,5,6,2,1,3,,6,5,5,4,6,4,-1,3,4,5,5,2,4,5,3,0,-1,1,0,3,1,5,1,2
3290889443,1,0,2,-1,2,3,-1,-1,-1,,1,2,3,4,5,6,,5,6,6,4,6,2,2,6,3,6,6,6,5,6,2,0,-1,0,1,1,3,4,1,5
3290888102,1,0,2,-1,2,3,-1,-1,-1,,6,5,3,1,4,2,,6,6,5,2,6,1,1,-1,-1,6,6,-1,-1,6,3,0,-1,0,1,3,2,5,4,9
3290881566,1,1,5,1,2,-1,4,5,6,,4,5,6,1,2,3,,6,6,6,6,6,3,3,4,3,5,5,3,1,6,2,0,-1,0,1,4,4,5,6,2
3290879019,1,1,6,1,2,3,4,5,6,,4,5,6,1,2,3,,5,6,6,5,6,4,4,4,4,6,6,2,5,6,2,0,-1,1,1,3,2,5,2,1
3290878766,1,1,6,1,2,3,4,5,6,,4,5,6,1,2,3,,6,6,6,4,6,1,5,3,4,6,6,5,4,6,2,1,1,1,0,3,5,4,7,0
3290873342,1,1,6,1,2,3,4,5,6,,6,2,3,4,1,5,,5,4,5,3,6,6,6,5,6,4,4,2,3,5,2,1,1,0,0,2,3,4,3,0
3290871307,1,1,6,1,2,3,4,5,6,,6,4,5,1,2,3,,6,6,6,6,6,2,3,5,2,6,6,3,5,6,2,0,-1,1,0,3,4,5,6,1
3290863729,1,1,6,1,2,3,4,5,6,,5,6,2,4,1,3,,6,5,5,6,6,2,3,6,3,6,6,2,6,6,2,0,-1,1,1,1,4,3,1,1
3290860908,1,1,6,1,2,3,4,5,6,,6,5,3,4,1,2,,6,6,6,6,1,-1,6,1,5,6,6,5,6,6,1,1,0,1,0,3,1,5,4,1
3290858543,1,1,6,1,2,3,4,5,6,,4,3,5,2,1,6,,6,5,6,4,6,4,5,1,5,6,6,1,5,6,3,1,0,1,0,3,5,5,5,0
3290854802,1,1,6,1,2,3,4,5,6,,6,5,4,3,1,2,,6,5,5,3,5,6,6,5,6,6,6,2,3,6,2,1,1,0,0,2,1,2,6,0
3290853559,1,0,3,1,2,-1,-1,5,-1,,2,3,4,5,1,6,,5,5,6,4,4,1,3,1,3,5,5,4,1,4,2,0,-1,1,0,3,2,3,2,4
3290848617,1,1,6,1,2,3,4,5,6,,4,5,6,3,1,2,,6,6,5,5,6,4,3,4,3,4,4,2,4,6,3,0,-1,1,0,3,4,4,9,1
3290846848,1,1,6,1,2,3,4,5,6,,1,2,3,4,5,6,,6,6,6,5,6,4,4,5,5,5,5,5,4,6,2,0,-1,0,0,4,4,3,1,1
3290846466,1,1,6,1,2,3,4,5,6,,1,6,5,2,4,3,,6,6,6,6,6,6,6,6,5,6,6,6,6,6,1,0,-1,1,0,3,2,4,7,1
3290845752,1,1,4,1,-1,-1,4,5,6,,4,5,6,1,2,3,,6,5,5,2,6,1,6,5,4,6,6,2,1,6,2,0,-1,0,0,2,3,4,4,3
3290845367,1,1,6,1,2,3,4,5,6,,5,4,6,1,3,2,,6,6,6,3,6,2,4,5,2,5,5,5,5,6,3,1,0,1,0,2,1,2,7,0
3290845046,1,1,6,1,2,3,4,5,6,,4,5,6,2,1,3,,6,6,6,3,6,3,2,6,4,6,6,6,5,6,2,0,-1,1,1,4,2,3,8,1
3290841815,1,0,3,-1,-1,-1,4,5,6,,4,5,6,2,1,3,,6,6,6,5,5,1,2,4,1,6,6,1,1,6,3,0,-1,0,1,2,3,4,2,4
3290836653,1,0,2,1,-1,-1,-1,5,-1,,2,3,4,5,1,6,,3,5,5,5,6,5,6,5,5,5,6,6,5,6,1,0,-1,0,1,1,3,4,9,5
3290829888,1,0,3,-1,-1,-1,4,5,6,,6,4,5,1,2,3,,6,6,6,4,6,3,4,3,4,5,5,3,3,4,3,0,-1,1,0,3,4,4,7,4
3290821620,1,0,2,-1,-1,-1,-1,5,6,,3,4,5,6,1,2,,5,5,5,1,5,1,3,4,1,6,6,2,1,5,3,0,-1,0,1,3,3,5,7,5
3290819415,1,0,5,1,2,3,-1,5,6,,3,5,4,6,1,2,,5,6,4,3,-1,1,6,1,1,5,6,1,1,5,3,0,-1,0,0,2,1,3,7,3
3290812610,1,0,1,-1,-1,-1,-1,5,-1,,3,4,5,6,1,2,,5,6,6,3,6,1,2,1,1,6,6,1,1,6,1,0,-1,0,1,3,3,5,8,6
3290810177,1,1,4,-1,-1,3,4,5,6,,6,5,4,1,2,3,,6,6,6,2,6,4,5,3,3,5,5,1,6,6,2,0,-1,1,1,2,3,5,2,3
3290810023,1,0,6,1,2,3,4,5,6,,1,2,3,4,5,6,,1,1,1,1,1,1,1,1,1,5,5,5,1,6,3,0,-1,0,1,1,1,5,1,1
3290805125,1,0,6,1,2,3,4,5,6,,1,2,3,4,5,6,,6,6,6,6,6,6,3,1,1,6,6,6,6,6,3,0,-1,0,0,3,5,5,7,1
3290799403,1,0,1,-1,-1,-1,4,-1,-1,,1,2,3,4,5,6,,2,2,2,2,2,2,2,2,2,2,2,2,2,2,3,1,0,1,0,3,1,3,3,5
3290798064,1,1,6,1,2,3,4,5,6,,4,3,1,6,5,2,,6,6,6,6,6,5,6,5,5,6,6,4,4,6,2,0,-1,1,0,3,3,5,7,1
3290792507,1,1,6,1,2,3,4,5,6,,6,5,4,3,1,2,,5,5,5,4,6,6,5,6,5,5,5,4,5,5,2,0,-1,1,0,1,2,4,6,1
3290785928,1,1,6,1,2,3,4,5,6,,3,1,2,6,5,4,,6,5,5,6,6,2,5,1,5,5,5,4,6,6,2,0,-1,0,0,1,1,4,6,1
3290781544,1,1,6,1,2,3,4,5,6,,5,6,3,1,4,2,,6,6,5,5,5,3,5,4,3,6,5,4,4,5,2,0,-1,1,0,2,4,4,8,1
3290781039,1,1,5,1,2,3,-1,5,6,,1,5,4,6,2,3,,5,5,5,5,6,4,5,5,4,5,6,5,4,5,1,0,-1,1,0,4,4,4,9,2
3290779524,1,1,3,1,-1,-1,-1,5,6,,3,4,5,6,2,1,,6,6,6,6,6,5,6,4,4,6,6,4,4,6,1,0,-1,1,1,3,2,4,9,4
3290779140,1,0,4,1,-1,3,-1,5,6,,2,3,4,5,6,1,,5,6,6,6,-1,4,6,4,4,4,6,6,6,6,2,0,-1,0,1,2,3,3,3,4
3290778828,1,0,2,1,-1,-1,-1,5,-1,,1,3,4,5,2,6,,5,5,5,5,5,4,4,4,4,4,5,4,4,5,3,0,-1,0,1,4,3,3,6,5
3290773277,1,1,6,1,2,3,4,5,6,,6,4,5,2,1,3,,6,6,6,5,6,5,6,6,6,5,5,2,4,5,1,1,1,1,0,2,5,4,7,0
3290767535,1,0,2,-1,-1,-1,-1,5,6,,4,3,5,6,2,1,,5,5,2,6,1,1,6,1,3,3,1,1,1,-1,3,0,-1,0,0,3,5,5,1,6
3290762924,1,0,1,-1,-1,-1,-1,5,-1,,2,3,4,5,1,6,,1,6,6,1,1,1,3,1,1,6,6,1,1,1,3,0,-1,0,1,3,3,3,8,6
3290759512,1,1,3,-1,-1,3,-1,5,6,,5,4,3,6,1,2,,6,6,-1,-1,6,-1,6,6,-1,6,6,-1,-1,6,3,0,-1,1,1,4,2,3,2,10
3290757230,1,0,1,1,-1,-1,-1,-1,-1,,4,1,2,3,5,6,,4,4,4,4,4,4,4,4,4,4,4,4,4,4,3,0,-1,0,1,1,2,2,6,6
3290756394,1,1,6,1,2,3,4,5,6,,4,5,6,1,2,3,,6,6,6,6,6,4,6,4,4,6,6,2,4,6,2,0,-1,0,1,3,2,4,3,1
3290755451,1,1,6,1,2,3,4,5,6,,4,5,6,3,1,2,,6,6,6,6,6,6,6,6,6,6,6,6,6,6,3,0,-1,1,1,4,3,4,8,1
3290753390,1,0,5,1,2,3,-1,5,6,,5,3,4,6,2,1,,6,3,4,2,5,4,5,3,2,4,4,2,1,5,2,1,1,1,0,3,1,3,5,1
3290749764,1,1,6,1,2,3,4,5,6,,4,6,3,2,5,1,,6,4,5,5,6,4,6,4,4,6,6,3,5,6,2,1,1,1,0,3,5,5,3,0
3290749229,1,0,1,-1,-1,-1,-1,5,-1,,2,3,4,5,1,6,,6,6,6,6,6,1,6,1,1,6,6,1,1,6,3,0,-1,0,0,3,1,3,1,6
3290746853,1,0,2,-1,-1,-1,-1,5,6,,3,4,5,6,1,2,,6,5,-1,5,4,-1,4,6,3,5,5,3,3,4,2,1,1,1,1,3,1,4,7,6
3290741405,1,1,6,1,2,3,4,5,6,,4,5,6,3,2,1,,6,6,6,5,6,5,5,4,4,5,5,6,6,6,1,0,-1,1,1,3,4,4,6,1
3290740448,1,1,6,1,2,3,4,5,6,,4,5,6,1,3,2,,6,6,6,6,6,2,2,4,3,5,6,2,6,6,3,0,-1,1,1,3,5,4,4,1
3290739235,1,0,2,-1,-1,-1,-1,5,6,,3,4,5,6,1,2,,5,5,5,1,5,1,2,1,1,5,5,4,1,5,3,0,-1,0,1,3,5,4,7,5
3290736072,1,1,6,1,2,3,4,5,6,,4,6,5,3,2,1,,6,6,4,6,6,4,4,6,5,6,6,3,4,6,1,1,1,0,0,3,5,4,6,0
3290734874,1,1,6,1,2,3,4,5,6,,4,5,6,1,2,3,,6,6,5,5,6,4,5,3,5,5,6,3,5,6,2,0,-1,0,0,1,2,4,9,1
3290733932,1,0,1,1,-1,-1,-1,-1,-1,,1,2,3,4,5,6,,5,5,5,5,5,5,5,5,5,5,5,5,5,5,3,0,-1,0,0,3,2,4,6,6
3290733316,1,1,5,1,2,3,-1,5,6,,2,3,4,5,1,6,,5,5,5,5,5,4,4,1,4,4,4,4,4,6,2,0,-1,1,1,3,2,4,1,2
3290732383,1,1,6,1,2,3,4,5,6,,6,5,4,3,1,2,,6,5,5,3,6,4,5,5,5,4,5,2,4,5,1,0,-1,0,0,2,3,2,4,1
3290727763,1,1,6,1,2,3,4,5,6,,6,5,1,4,3,2,,6,6,5,6,6,6,5,4,4,5,6,2,4,6,2,0,-1,0,0,2,4,5,1,1
3290726075,1,1,6,1,2,3,4,5,6,,4,5,6,3,1,2,,6,6,6,5,6,4,3,6,3,6,6,4,5,6,1,0,-1,1,1,4,3,3,5,1
3290717899,1,1,6,1,2,3,4,5,6,,4,5,3,6,1,2,,6,6,6,5,6,4,3,3,4,6,6,5,5,6,1,0,-1,1,0,3,5,4,1,1
3290714941,1,0,6,1,2,3,4,5,6,,3,2,1,6,4,5,,5,5,5,6,6,3,4,4,4,5,6,5,6,6,2,0,-1,0,0,2,1,2,9,1
3290714484,1,1,5,1,2,3,-1,5,6,,4,3,5,6,1,2,,6,5,4,5,5,4,6,3,4,4,4,5,5,5,3,1,0,1,0,3,4,4,8,1
3290714378,1,1,6,1,2,3,4,5,6,,3,4,5,1,2,6,,6,6,6,6,6,4,3,4,5,6,6,4,4,6,3,0,-1,1,1,4,3,5,4,1
3290712204,1,0,3,1,-1,-1,-1,5,6,,3,4,5,6,1,2,,6,6,6,6,6,4,6,4,4,5,5,4,4,6,1,0,-1,0,0,3,4,2,1,4
3290711487,1,0,2,-1,-1,-1,-1,5,6,,3,4,5,6,1,2,,5,5,5,5,5,1,5,1,5,5,5,5,1,5,3,0,-1,0,0,2,4,4,1,5
3290711262,1,0,3,1,2,3,-1,-1,-1,,1,2,3,4,5,6,,3,2,2,2,2,3,5,-1,-1,2,2,-1,-1,2,3,1,0,0,1,3,3,3,8,7
3290708664,1,0,2,-1,-1,-1,-1,5,6,,1,2,3,4,5,6,,6,6,6,4,5,1,4,5,1,5,5,4,1,5,3,0,-1,0,1,4,1,4,7,5
3290706716,1,0,4,1,-1,3,-1,5,6,,4,5,3,6,1,2,,6,5,5,5,6,5,6,5,6,6,6,5,5,6,3,0,-1,0,0,4,4,4,9,3
3290706611,1,0,2,1,-1,-1,-1,5,-1,,2,3,4,5,1,6,,5,5,5,5,5,4,5,1,4,5,5,5,5,5,3,0,-1,0,1,1,2,5,7,5
3290703210,1,0,5,1,2,-1,4,5,6,,2,4,6,3,5,1,,5,5,4,3,5,2,2,3,3,5,5,4,4,5,2,0,-1,0,0,2,2,4,4,2
3290700214,1,0,1,1,-1,-1,-1,-1,-1,,1,2,3,4,5,6,,1,6,6,1,6,1,6,1,1,1,1,1,1,6,3,0,-1,0,1,4,2,3,4,6
3290700030,1,1,4,1,-1,-1,4,5,6,,4,5,3,2,6,1,,5,6,6,5,5,3,5,4,4,5,5,5,6,6,2,0,-1,1,0,2,1,3,7,3
3290695784,1,1,6,1,2,3,4,5,6,,6,5,4,1,2,3,,6,6,6,2,6,2,2,5,3,6,6,2,3,6,1,0,-1,1,1,3,4,5,6,1
3290691758,1,1,6,1,2,3,4,5,6,,1,2,3,4,5,6,,1,6,6,6,6,1,6,1,6,6,6,6,6,6,3,1,0,0,0,1,1,5,9,0
3290689343,1,0,1,1,-1,-1,-1,-1,-1,,1,2,3,4,5,6,,6,6,6,6,6,6,2,2,2,6,6,4,2,6,1,0,-1,0,0,3,3,2,1,6
3290687830,1,1,6,1,2,3,4,5,6,,1,2,-1,4,5,3,,6,5,4,-1,6,3,6,4,6,6,6,6,5,6,2,0,-1,1,0,2,4,4,3,3
3290684868,1,0,6,1,2,3,4,5,6,,4,5,6,1,2,3,,6,5,5,5,6,2,2,5,4,6,6,3,5,6,2,0,-1,0,0,2,3,5,4,1
3290684287,1,1,6,1,2,3,4,5,6,,4,5,6,1,2,3,,6,6,6,6,6,5,6,4,5,6,6,5,6,6,3,0,-1,0,1,3,4,5,1,1
3290678952,1,0,1,-1,-1,-1,-1,-1,6,,3,4,5,6,2,1,,4,6,6,4,6,4,4,4,4,4,6,4,4,6,3,0,-1,0,0,2,4,5,9,6
3290678515,1,1,5,1,2,-1,4,5,6,,5,4,6,1,3,2,,6,6,6,4,6,3,6,5,5,6,6,5,3,6,2,0,-1,1,1,3,3,5,1,2
3290676695,1,1,1,-1,-1,-1,-1,5,-1,,4,5,3,6,1,2,,5,5,6,5,5,5,6,5,5,6,6,4,1,6,3,1,0,0,0,3,2,3,4,5
3290667297,1,0,1,1,-1,-1,-1,-1,-1,,1,2,3,4,5,6,,4,4,4,4,-1,-1,-1,-1,-1,-1,-1,-1,-1,-1,3,0,-1,0,0,4,3,3,8,16
3290664543,1,0,4,1,-1,-1,4,5,6,,4,5,6,3,2,1,,6,5,6,5,5,4,5,4,4,6,6,5,5,6,3,0,-1,0,1,1,2,3,6,3
3290664463,1,1,4,1,-1,-1,4,5,6,,4,5,6,1,2,3,,6,6,6,5,6,4,-1,4,4,6,6,4,5,6,1,1,0,1,0,3,3,4,2,3
3290662118,1,1,6,1,2,3,4,5,6,,6,4,5,2,1,3,,6,5,5,4,6,3,6,4,5,6,6,2,4,6,2,1,1,0,0,2,5,5,1,0
3290661650,1,1,6,1,2,3,4,5,6,,6,5,4,1,2,3,,6,5,5,2,6,6,6,6,4,5,5,2,3,5,2,1,0,1,0,1,5,4,3,0
3290661135,1,1,6,1,2,3,4,5,6,,4,6,5,2,1,3,,6,6,6,5,6,3,5,5,5,5,6,3,5,6,1,1,0,0,0,2,3,4,4,0
3290659818,1,1,6,1,2,3,4,5,6,,6,5,4,3,1,2,,6,5,5,3,6,5,6,5,6,5,5,2,4,6,2,1,1,1,0,2,3,4,1,0
3290659314,1,1,3,-1,-1,-1,4,5,6,,4,5,6,3,1,2,,6,6,6,4,6,6,6,4,4,6,6,4,4,6,3,0,-1,1,0,2,1,5,7,4
3290655784,1,0,3,-1,-1,-1,4,5,6,,4,5,6,1,2,3,,5,5,5,4,5,4,5,5,4,5,5,4,4,5,3,0,-1,0,0,3,4,3,7,4
3290640323,1,0,3,-1,-1,-1,4,5,6,,6,4,5,3,1,2,,6,6,3,1,6,1,6,5,5,3,6,2,1,6,1,0,-1,0,0,2,1,4,6,4
3290638529,1,0,6,1,2,3,4,5,6,,6,3,4,1,2,5,,4,4,4,4,4,4,4,4,4,4,4,4,4,4,2,0,-1,0,0,3,2,4,1,1
3290630470,1,0,3,-1,-1,-1,4,5,6,,4,5,6,3,1,2,,6,6,6,6,6,6,6,4,4,6,6,2,4,6,1,0,-1,0,1,4,5,5,2,4
3290630282,1,1,6,1,2,3,4,5,6,,1,2,3,4,5,6,,6,6,6,6,6,6,2,5,5,5,5,6,5,6,1,0,-1,0,0,4,2,3,4,1
3290627850,1,1,6,1,2,3,4,5,6,,4,5,6,1,2,3,,6,6,6,5,6,4,6,5,4,6,6,4,4,6,1,0,-1,1,0,3,4,4,6,1
3290627681,1,1,6,1,2,3,4,5,6,,4,6,5,3,1,2,,6,6,6,5,6,3,5,5,5,6,6,4,4,6,2,0,-1,1,0,3,4,5,1,1
3290624447,1,1,5,1,2,3,-1,5,6,,4,5,2,6,3,1,,6,6,6,6,6,5,6,6,4,5,6,2,5,6,2,1,0,1,0,3,3,3,6,1
3290620991,1,1,6,1,2,3,4,5,6,,6,2,3,5,4,1,,6,6,6,3,6,2,2,5,2,6,6,2,5,6,1,0,-1,1,0,3,2,3,1,1
3290617461,1,1,6,1,2,3,4,5,6,,2,3,1,4,5,6,,6,6,6,6,6,6,6,5,5,5,5,5,6,6,2,0,-1,1,0,3,5,5,7,1
3290611875,1,1,6,1,2,3,4,5,6,,3,4,5,2,1,6,,6,6,6,6,6,3,5,5,3,6,6,2,5,6,2,1,0,1,0,3,4,4,7,0
3290611716,1,0,3,-1,-1,-1,4,5,6,,4,5,6,1,3,2,,5,5,4,1,6,1,2,4,1,6,5,1,1,4,2,0,-1,0,0,3,4,4,8,4
3290601892,1,1,6,1,2,3,4,5,6,,6,4,3,5,2,1,,6,6,6,4,4,3,3,5,3,5,5,2,4,6,2,0,-1,0,0,2,3,3,5,1
3290600680,1,1,4,1,-1,-1,4,5,6,,4,5,6,1,2,3,,6,6,6,5,6,2,2,5,2,6,6,2,4,6,2,0,-1,1,1,3,5,4,3,3
3290600057,1,1,1,-1,-1,-1,-1,-1,6,,4,5,6,2,3,1,,6,5,5,5,5,1,5,4,4,4,4,3,5,6,1,0,-1,1,1,2,2,5,9,6
3290598307,1,0,4,1,2,-1,-1,5,6,,1,2,3,4,5,6,,6,6,5,5,6,1,4,1,1,5,5,6,1,6,3,0,-1,0,1,3,4,3,2,3
3290597099,1,1,6,1,2,3,4,5,6,,6,5,2,3,1,4,,6,6,6,6,6,6,6,6,6,6,6,4,4,6,2,1,1,0,1,2,4,4,1,0
3290593953,1,1,6,1,2,3,4,5,6,,6,5,3,2,1,4,,6,6,6,4,6,4,5,6,5,5,6,3,5,5,2,1,0,1,0,2,3,4,6,0
3290582716,1,0,2,-1,-1,-1,-1,5,6,,3,4,5,6,1,2,,3,4,5,4,6,4,3,3,3,5,6,4,-1,5,3,0,-1,1,1,3,4,5,7,6
3290572568,1,0,2,-1,-1,-1,-1,5,6,,3,4,5,6,1,2,,4,4,4,4,4,4,5,4,4,5,5,4,4,4,3,0,-1,0,0,3,2,2,7,5
3290572073,1,1,6,1,2,3,4,5,6,,5,6,4,1,2,3,,6,6,6,4,6,6,6,6,6,6,6,4,4,6,2,1,0,1,0,2,3,4,7,0
3290569001,1,1,4,-1,-1,3,4,5,6,,6,4,1,3,2,5,,6,6,6,5,5,4,6,5,4,5,6,5,4,6,2,0,-1,1,0,4,2,3,3,3
3290568339,1,1,6,1,2,3,4,5,6,,5,6,4,3,1,2,,6,5,5,6,6,2,4,5,3,4,5,2,5,6,1,0,-1,1,0,1,3,3,6,1
3290565779,1,1,4,1,-1,-1,4,5,6,,4,5,6,2,1,3,,6,6,6,5,6,5,5,6,6,5,6,3,1,6,1,0,-1,0,0,2,3,3,9,3
3290565768,1,1,6,1,2,3,4,5,6,,6,5,3,1,4,2,,6,6,6,6,6,6,6,6,6,6,6,5,6,6,2,1,1,0,0,1,1,2,5,0
3290561583,1,1,4,-1,2,-1,4,5,6,,5,2,6,1,3,4,,6,6,6,5,6,5,6,5,5,6,6,5,5,6,2,0,-1,1,0,3,5,5,6,3
3290561192,1,1,5,1,2,-1,4,5,6,,4,5,6,1,2,3,,6,6,6,5,6,5,5,5,3,6,6,6,5,6,1,0,-1,1,1,2,3,4,9,2
3290552963,1,0,6,1,2,3,4,5,6,,6,5,4,1,2,3,,6,5,5,3,6,2,5,5,3,6,6,2,5,6,2,0,-1,1,0,1,3,4,5,1
3290551809,1,0,3,-1,-1,-1,4,5,6,,4,5,6,1,2,3,,6,6,6,4,6,4,6,6,6,5,6,2,1,6,2,0,-1,0,0,2,5,4,6,4
3290544865,1,1,6,1,2,3,4,5,6,,5,6,3,1,2,4,,6,6,6,6,6,5,6,6,6,6,6,4,6,-1,2,1,0,1,0,3,3,3,6,1
3290539653,1,1,6,1,2,3,4,5,6,,4,5,6,1,2,3,,6,5,6,5,5,3,3,5,5,6,6,6,5,6,1,1,0,1,1,1,1,3,1,0
3290538433,1,1,3,-1,-1,-1,4,5,6,,4,5,6,1,2,3,,6,5,5,1,6,1,2,5,5,6,6,4,1,6,3,0,-1,0,1,2,2,4,5,4
3290532429,1,1,6,1,2,3,4,5,6,,4,6,5,1,3,2,,5,6,5,3,5,1,3,1,4,5,5,5,5,6,3,0,-1,0,0,1,3,5,6,1
3290531735,1,1,4,1,-1,-1,4,5,6,,4,5,6,1,2,3,,6,6,6,5,6,6,6,6,6,6,6,2,1,6,1,0,-1,1,0,3,3,5,9,3
3290525782,1,0,1,1,-1,-1,-1,-1,-1,,1,2,3,4,5,6,,6,6,6,1,6,1,3,1,1,1,6,6,-1,6,3,0,-1,0,1,3,4,5,7,7
3290524413,1,0,2,-1,-1,-1,-1,5,6,,4,2,3,5,6,1,,5,4,5,5,6,5,5,6,6,5,5,2,2,3,3,0,-1,1,0,2,1,3,1,5
3290505081,1,1,6,1,2,3,4,5,6,,4,5,6,1,2,3,,5,5,4,5,5,4,5,4,6,4,4,2,4,5,1,1,1,1,1,1,1,3,7,0
3290500457,1,1,3,1,2,3,-1,-1,-1,,1,2,3,4,5,6,,5,5,5,5,5,5,5,5,5,5,5,5,5,5,2,0,-1,1,0,3,4,3,7,4
3290499954,1,0,6,1,2,3,4,5,6,,3,4,5,6,1,2,,5,5,5,5,6,1,3,1,1,6,6,6,5,6,3,0,-1,0,1,2,2,3,3,1
3290471553,1,1,6,1,2,3,4,5,6,,6,4,1,3,5,2,,6,6,6,6,6,6,6,6,6,6,6,5,5,6,2,1,1,1,0,3,1,4,5,0
3290467062,1,1,5,1,2,-1,4,5,6,,5,4,6,1,2,3,,5,6,5,3,6,2,2,4,3,6,6,6,6,6,2,0,-1,1,0,2,1,4,5,2
3290467000,1,0,1,-1,-1,-1,-1,5,-1,,2,3,4,5,1,6,,5,5,5,1,5,1,3,1,-1,5,5,1,1,5,3,0,-1,0,1,3,3,5,1,7
3290464481,1,1,4,1,-1,-1,4,5,6,,3,5,6,1,2,4,,6,6,6,5,6,2,2,5,1,5,6,5,6,6,2,0,-1,1,1,3,3,3,3,3
3290461599,1,1,6,1,2,3,4,5,6,,1,2,3,4,5,6,,6,6,6,6,6,2,4,5,3,6,6,6,6,6,2,1,0,1,0,4,3,3,7,0
3290448644,1,0,2,-1,-1,-1,-1,5,6,,3,4,5,6,1,2,,6,6,6,-1,6,-1,4,-1,-1,6,6,-1,-1,6,3,0,-1,0,1,4,3,4,6,11
3290444421,1,1,6,1,2,3,4,5,6,,4,6,5,1,2,3,,6,6,6,4,6,2,3,4,2,6,6,4,4,6,1,1,0,1,1,1,1,4,7,0
3290439063,1,1,6,1,2,3,4,5,6,,5,4,6,3,1,2,,6,5,5,2,5,5,5,5,4,5,6,2,2,4,2,1,1,1,0,1,2,3,7,0
3290427764,1,1,6,1,2,3,4,5,6,,2,4,5,6,3,1,,6,6,6,6,6,6,6,5,5,6,6,5,5,6,3,1,1,1,1,4,4,3,2,0
3290426384,1,1,6,1,2,3,4,5,6,,5,3,4,6,1,2,,6,6,6,5,6,6,-1,6,2,6,6,6,6,6,3,1,0,1,0,3,4,4,1,1
3290423155,1,1,6,1,2,3,4,5,6,,4,5,6,1,2,3,,5,6,5,3,6,3,3,4,3,5,6,4,5,5,2,0,-1,1,0,3,5,5,9,1
3290421738,1,1,6,1,2,3,4,5,6,,5,6,4,3,1,2,,5,3,3,2,3,3,6,4,5,5,6,2,2,5,2,0,-1,0,1,1,1,3,6,1
3290417966,1,1,3,1,-1,-1,-1,5,6,,3,4,5,6,2,1,,6,5,6,1,6,1,5,6,1,6,6,1,1,6,3,0,-1,1,1,4,2,3,1,4
3290411058,1,1,2,-1,-1,-1,-1,5,6,,3,4,5,6,1,2,,6,6,6,5,6,1,6,6,6,6,6,5,1,6,2,0,-1,0,1,3,4,2,1,5
3290409431,1,0,3,1,-1,-1,-1,5,6,,3,4,5,6,1,2,,5,5,4,4,5,4,6,4,4,6,6,4,4,6,2,0,-1,0,1,4,2,2,1,4
3290409075,1,0,5,1,-1,3,4,5,6,,3,6,5,2,4,1,,5,5,5,4,6,3,2,1,1,6,6,4,1,6,3,0,-1,0,0,3,5,5,3,2
3290407409,1,1,4,1,-1,-1,4,5,6,,4,5,6,2,1,3,,6,6,6,5,6,1,4,1,1,6,6,4,1,6,1,0,-1,0,1,1,1,4,4,3
3290401956,1,1,6,1,2,3,4,5,6,,4,3,6,5,1,2,,6,6,5,4,6,-1,5,4,4,6,6,3,3,6,2,1,0,1,1,2,5,4,6,1
3290394872,1,1,6,1,2,3,4,5,6,,5,3,6,4,1,2,,6,6,6,6,6,5,6,6,6,5,6,5,6,6,2,0,-1,1,1,2,3,4,2,1
3290392264,1,0,6,1,2,3,4,5,6,,1,5,2,6,3,4,,6,6,6,6,6,6,2,4,5,6,6,4,4,6,1,1,0,1,1,4,5,3,7,0
3290391985,1,1,2,-1,-1,-1,-1,5,6,,4,5,6,3,2,1,,6,6,6,5,6,3,2,1,1,6,6,1,1,6,3,0,-1,0,1,4,3,5,7,5
3290386524,1,1,4,1,2,-1,-1,5,6,,4,3,5,6,2,1,,6,6,6,6,6,3,2,4,4,6,6,4,4,6,3,0,-1,1,1,4,3,5,9,3
3290380140,1,0,0,-1,-1,-1,-1,-1,-1,,2,3,4,5,1,6,,1,6,1,1,1,1,6,-1,1,1,1,1,1,1,3,0,-1,0,0,4,2,4,1,8
3290374523,1,1,5,1,2,3,-1,5,6,,3,1,2,4,5,6,,6,6,6,5,5,5,4,5,4,5,5,4,4,6,1,1,1,1,0,4,2,3,5,1
3290364952,1,1,6,1,2,3,4,5,6,,4,5,3,6,2,1,,6,6,5,5,6,5,2,5,1,6,6,5,1,6,1,0,-1,0,0,3,1,3,1,1
3290350512,1,1,5,-1,2,3,4,5,6,,6,3,4,5,1,2,,5,3,4,5,5,5,5,4,6,5,6,3,5,5,1,0,-1,1,1,1,3,4,3,2
3290347473,1,1,6,1,2,3,4,5,6,,6,4,5,3,2,1,,6,6,6,5,6,2,4,4,4,4,5,2,4,6,1,0,-1,1,0,1,2,3,7,1
3290344571,1,1,6,1,2,3,4,5,6,,4,6,3,2,1,5,,6,6,6,6,6,3,6,5,4,6,6,2,5,6,1,1,1,1,0,4,3,4,1,0
3290343366,1,1,6,1,2,3,4,5,6,,4,5,6,1,2,3,,6,5,5,4,6,4,4,6,4,6,6,1,4,6,2,0,-1,0,1,3,3,5,5,1
3290342169,1,0,2,1,-1,-1,-1,-1,6,,1,5,3,4,6,2,,5,6,6,5,6,5,6,5,1,4,6,1,1,6,2,0,-1,0,0,1,3,3,8,5
3290342102,1,1,3,1,-1,-1,-1,5,6,,3,4,5,6,1,2,,5,6,6,6,6,5,6,1,1,6,6,1,1,6,3,0,-1,1,1,4,5,4,8,4
3290340804,1,1,2,1,-1,-1,-1,5,-1,,1,3,4,5,2,6,,6,6,6,1,6,1,6,1,1,6,6,1,1,6,3,0,-1,0,0,4,3,2,7,5
3290337251,1,1,6,1,2,3,4,5,6,,2,1,3,6,4,5,,6,6,6,6,6,6,6,6,6,6,6,6,6,6,2,0,-1,1,0,4,3,5,7,1
3290328309,1,1,4,1,-1,-1,4,5,6,,4,5,6,2,1,3,,6,6,6,4,1,-1,2,5,4,6,6,1,1,6,3,0,-1,0,1,2,3,4,7,4
3290325811,1,1,6,1,2,3,4,5,6,,6,4,5,1,2,3,,6,6,6,4,5,5,6,5,4,5,6,3,3,4,2,1,1,1,0,2,2,4,9,0
3290324518,1,0,3,-1,-1,-1,4,5,6,,4,5,6,1,2,3,,6,6,6,6,6,1,5,5,4,6,6,1,1,5,3,0,-1,0,1,4,2,3,7,4
3290320007,1,1,6,1,2,3,4,5,6,,6,4,5,3,1,2,,6,6,6,5,6,6,6,6,6,6,6,3,6,6,2,1,0,1,0,2,2,4,5,0
3290318577,1,0,3,1,2,3,-1,-1,-1,,1,2,3,4,5,6,,-1,6,5,4,6,4,5,4,4,4,6,4,4,5,3,0,-1,0,1,2,2,3,6,5
3290317691,1,1,5,1,2,-1,4,5,6,,4,5,6,1,2,3,,6,6,6,4,4,4,6,-1,-1,6,6,2,2,6,2,1,1,1,1,2,5,5,6,3
3290316375,1,1,6,1,2,3,4,5,6,,2,3,4,1,5,6,,6,6,6,6,6,6,6,6,6,6,6,6,6,6,1,0,-1,1,1,4,1,3,6,1
3290315336,1,1,6,1,2,3,4,5,6,,1,4,5,6,2,3,,6,6,6,6,6,1,3,6,1,6,6,6,1,6,1,1,1,1,1,3,4,4,3,0
3290309722,1,1,3,1,-1,3,-1,5,-1,,4,2,3,1,5,6,,6,6,5,5,6,5,5,5,5,6,6,5,6,6,2,1,1,1,1,4,4,4,6,3
3290309711,1,1,6,1,2,3,4,5,6,,6,5,2,1,4,3,,6,6,6,6,6,5,3,5,1,6,6,2,1,6,3,0,-1,1,0,3,3,5,6,1
3290296317,1,0,2,-1,-1,-1,-1,5,6,,4,5,6,3,1,2,,6,6,6,1,6,1,5,5,1,6,6,1,1,4,1,0,-1,0,1,3,4,4,9,5
3290292697,1,1,6,1,2,3,4,5,6,,4,6,5,1,2,3,,6,5,6,5,6,2,5,3,4,5,6,3,3,6,2,1,0,1,1,3,5,4,4,0
3290283139,1,1,6,1,2,3,4,5,6,,1,5,6,3,2,4,,6,6,6,6,6,5,6,5,6,5,5,5,5,6,1,1,1,1,1,4,3,2,1,0
3290279732,1,0,6,1,2,3,4,5,6,,4,5,6,3,1,2,,5,5,5,4,4,4,4,4,4,4,4,4,4,4,1,0,-1,0,0,2,3,2,3,1
3290269777,1,0,6,1,2,3,4,5,6,,5,3,6,4,1,2,,6,6,6,6,6,4,6,5,5,6,6,4,4,6,1,1,0,0,1,4,3,5,4,0
3290262568,1,0,6,1,2,3,4,5,6,,1,4,5,6,2,3,,4,4,4,4,4,4,4,4,4,4,4,4,4,4,3,0,-1,0,0,3,2,5,1,1
3290257673,1,0,6,1,2,3,4,5,6,,3,4,6,5,1,2,,6,6,5,5,6,4,3,4,4,5,6,5,4,3,3,0,-1,0,0,3,3,3,1,1
3290227264,1,1,6,1,2,3,4,5,6,,5,3,6,4,1,2,,6,6,6,6,6,2,2,4,3,6,6,4,3,6,2,0,-1,1,0,3,3,3,7,1
3290223393,1,1,6,1,2,3,4,5,6,,2,3,5,4,1,6,,6,6,6,6,6,6,6,6,5,6,6,6,5,6,3,0,-1,1,1,4,2,3,3,1
3290216970,1,1,6,1,2,3,4,5,6,,5,6,4,2,1,3,,6,6,6,3,6,2,5,4,4,6,6,3,5,6,2,0,-1,0,1,1,1,4,5,1
3290213089,1,1,6,1,2,3,4,5,6,,4,5,6,1,2,3,,6,6,6,3,6,3,6,6,6,6,6,1,3,5,2,1,0,0,0,3,2,4,1,0
3290209744,1,1,6,1,2,3,4,5,6,,6,5,4,2,1,3,,6,6,6,2,6,5,6,6,6,3,3,2,3,5,2,1,1,1,0,1,3,3,7,0
3290206907,1,0,4,1,-1,-1,4,5,6,,6,4,5,3,1,2,,5,5,4,2,4,6,6,4,6,3,3,2,2,5,3,0,-1,1,0,2,2,3,7,3
3290203063,1,1,6,1,2,3,4,5,6,,2,3,4,6,5,1,,6,6,6,6,6,2,2,6,4,6,6,5,5,5,3,0,-1,1,0,3,5,4,5,1
3290201752,1,0,1,-1,-1,-1,-1,-1,6,,3,4,5,6,2,1,,6,6,6,1,6,1,2,1,6,6,-1,1,1,6,2,0,-1,0,1,4,5,2,6,7
3290196296,1,0,2,1,2,-1,-1,-1,-1,,2,1,3,4,5,6,,6,6,6,6,6,6,5,5,5,6,6,5,5,5,1,0,-1,0,1,3,3,3,8,5
3290191566,1,1,5,1,2,3,-1,5,6,,4,5,1,6,2,3,,6,6,6,6,6,6,6,4,4,6,6,5,6,6,3,0,-1,1,1,2,1,3,7,2
3290185244,1,0,2,1,-1,-1,-1,5,-1,,1,3,4,5,2,6,,1,1,1,1,1,1,1,1,1,1,1,1,1,1,3,0,-1,0,1,1,3,4,7,5
3290176563,1,1,6,1,2,3,4,5,6,,4,1,5,6,3,2,,6,6,3,3,6,1,6,1,6,6,6,4,5,6,2,1,0,1,1,1,3,3,6,0
3290173775,1,1,6,1,2,3,4,5,6,,1,2,3,4,5,6,,6,6,6,6,6,6,6,6,6,6,6,6,6,6,2,1,1,1,1,4,3,3,8,0
3290173176,1,1,6,1,2,3,4,5,6,,6,5,4,2,1,3,,6,6,6,2,6,6,6,6,5,5,5,2,2,5,2,1,0,0,0,1,2,5,7,0
3290167473,1,0,1,-1,-1,-1,-1,5,-1,,3,4,5,1,2,6,,1,1,1,1,1,1,1,1,1,1,1,1,1,1,3,0,-1,0,0,4,5,4,6,6
3290157529,1,1,6,1,2,3,4,5,6,,2,1,3,4,5,6,,5,5,5,5,6,2,3,4,2,5,6,4,5,5,3,0,-1,1,1,1,4,4,6,1
3290149698,1,1,6,1,2,3,4,5,6,,5,4,6,3,2,1,,6,6,6,6,6,4,6,6,5,-1,-1,4,4,6,1,0,-1,0,1,2,1,5,7,3
3290148834,1,0,2,-1,-1,3,-1,-1,6,,3,4,1,5,6,2,,4,5,5,5,5,1,5,1,1,5,5,6,6,5,3,0,-1,0,1,1,2,3,6,5
3290145517,1,1,6,1,2,3,4,5,6,,4,6,5,1,2,3,,6,6,6,5,6,4,6,1,1,6,6,6,5,6,3,0,-1,1,0,3,3,4,1,1
3290142232,1,1,6,1,2,3,4,5,6,,4,6,1,2,5,3,,6,6,6,5,6,4,5,5,4,5,5,2,6,6,2,0,-1,1,0,1,3,4,3,1
3290139192,1,1,5,1,2,3,-1,5,6,,1,2,3,6,4,5,,6,6,6,6,6,3,1,5,1,6,6,3,6,6,2,1,0,1,0,4,3,5,4,1
3290128468,1,1,2,1,2,-1,-1,-1,-1,,1,2,3,4,5,6,,6,6,6,6,6,1,2,1,1,1,6,1,1,6,3,0,-1,1,1,4,3,5,9,5
3290125801,1,0,4,1,2,3,-1,5,-1,,2,3,4,5,1,6,,6,6,6,6,6,5,6,5,5,6,6,4,4,6,2,1,0,0,0,4,5,5,1,2
3290125784,1,1,6,1,2,3,4,5,6,,5,6,3,2,1,4,,6,6,6,5,6,5,6,5,4,5,6,2,3,5,2,1,0,1,0,2,3,3,1,0
3290125550,1,1,6,1,2,3,4,5,6,,6,1,3,2,4,5,,6,6,6,6,-1,6,6,6,6,6,6,6,6,6,2,1,1,0,0,1,2,2,1,1
3290125357,1,1,6,1,2,3,4,5,6,,6,4,5,1,2,3,,6,6,6,6,6,2,2,5,3,6,6,5,6,6,2,0,-1,1,0,2,3,2,3,1
3290124259,1,0,5,1,-1,3,4,5,6,,2,3,4,1,5,6,,6,6,6,6,6,4,6,5,5,5,5,5,5,6,3,0,-1,0,0,1,5,2,5,2
3290116182,1,1,2,-1,-1,-1,-1,5,6,,4,5,3,6,1,2,,6,6,6,6,6,4,6,4,4,6,6,4,4,6,3,0,-1,1,1,2,4,4,4,5
3290109779,1,1,4,1,-1,-1,4,5,6,,4,5,6,1,2,3,,6,6,6,5,6,4,5,4,4,5,5,3,5,6,2,0,-1,0,0,2,3,3,6,3
3290103593,1,1,4,1,-1,-1,4,5,6,,4,5,6,2,1,3,,6,5,5,5,6,1,2,5,2,5,5,2,5,6,1,0,-1,1,1,3,1,4,6,3
3290099797,1,1,6,1,2,3,4,5,6,,3,4,5,6,1,2,,6,5,5,5,5,3,3,1,1,5,6,5,5,6,1,0,-1,0,1,2,4,3,5,1
3290070395,1,0,6,1,2,3,4,5,6,,6,4,5,3,2,1,,6,6,6,5,6,4,4,6,4,6,6,4,4,6,1,1,0,0,1,4,3,3,9,0
3290068892,1,0,2,1,2,-1,-1,-1,-1,,1,2,3,4,5,6,,6,5,5,4,5,4,2,4,4,5,6,3,4,5,3,0,-1,0,1,4,3,5,4,5
3290068765,1,1,6,1,2,3,4,5,6,,6,4,5,2,1,3,,6,5,6,5,5,2,5,4,5,4,4,4,6,5,1,1,0,1,0,3,4,3,7,0
3290063543,1,0,3,-1,-1,-1,4,5,6,,4,6,5,3,2,1,,6,6,6,6,5,5,4,6,4,6,6,5,5,-1,3,0,-1,0,1,4,4,3,7,5
3290061815,1,1,6,1,2,3,4,5,6,,4,5,6,1,2,3,,6,6,6,5,6,2,6,5,2,5,2,2,6,6,2,0,-1,1,0,4,3,5,6,1
3290058506,1,0,4,1,2,3,-1,5,-1,,2,3,4,5,1,6,,6,6,6,4,6,4,4,4,4,6,6,4,4,6,3,0,-1,0,1,4,2,3,1,3
3290058216,1,1,6,1,2,3,4,5,6,,2,3,1,4,5,6,,6,6,6,6,4,1,6,1,4,6,6,6,5,6,3,0,-1,0,1,2,3,2,7,1
3290049231,1,0,3,-1,-1,-1,4,5,6,,4,5,6,1,2,3,,5,5,5,5,5,1,2,1,1,6,6,4,1,6,3,0,-1,0,0,3,2,5,5,4
3290047842,1,1,6,1,2,3,4,5,6,,6,5,3,4,1,2,,6,6,6,6,6,2,5,5,6,5,5,2,5,6,1,0,-1,1,0,2,4,4,5,1
3290047483,1,1,4,1,2,-1,-1,5,6,,2,3,4,5,6,1,,6,6,6,6,6,5,5,4,4,6,6,5,5,6,1,1,0,1,0,3,2,3,8,2
3290046627,1,1,6,1,2,3,4,5,6,,6,5,4,3,2,1,,6,5,6,3,6,3,6,5,4,5,6,2,3,6,2,1,1,1,1,1,2,4,9,0
3290042369,1,1,2,-1,-1,-1,-1,5,6,,3,4,5,6,1,2,,6,6,6,1,6,1,6,6,6,6,6,6,1,6,3,0,-1,0,1,4,4,5,6,5
3290038794,1,1,5,1,2,3,-1,5,6,,3,4,5,6,1,2,,6,6,6,6,6,-1,2,5,2,6,6,4,4,6,2,0,-1,0,1,3,5,5,5,3
3290032864,1,1,3,1,-1,-1,-1,5,6,,3,4,5,6,1,2,,6,5,6,5,5,1,6,4,4,5,5,4,1,6,3,0,-1,0,0,3,4,5,1,4
3290029531,1,1,3,-1,-1,-1,4,5,6,,2,3,4,1,5,6,,5,6,6,5,6,4,5,5,4,6,6,4,4,-1,3,0,-1,1,1,4,4,3,7,5
3290024333,1,1,6,1,2,3,4,5,6,,4,5,6,1,2,3,,6,6,6,6,6,6,6,6,6,6,6,6,6,6,2,1,1,1,0,4,2,3,4,0
3290022302,1,0,3,-1,-1,-1,4,5,6,,4,5,6,1,2,3,,3,4,6,4,6,4,5,4,5,5,5,4,4,5,2,1,0,0,0,1,2,4,6,3
3290019869,1,0,3,1,-1,-1,-1,5,6,,2,4,5,6,1,3,,6,6,6,1,1,1,3,1,1,5,5,1,1,5,1,0,-1,0,0,4,2,4,8,4
3290018381,1,1,6,1,2,3,4,5,6,,4,6,5,3,1,2,,6,6,6,6,6,2,2,5,3,6,6,3,6,6,2,0,-1,1,1,4,2,5,1,1
3290010419,1,0,4,1,-1,-1,4,5,6,,3,4,5,6,1,2,,5,5,4,4,4,4,4,3,3,2,2,3,3,2,3,0,-1,0,0,4,4,5,3,3
3290005674,1,1,6,1,2,3,4,5,6,,1,2,3,5,6,4,,5,6,3,2,3,2,2,2,2,4,4,4,2,3,1,1,1,1,1,4,1,3,4,0
3290002601,1,1,6,1,2,3,4,5,6,,2,6,3,1,5,4,,5,5,5,5,5,3,2,4,4,6,6,6,5,6,3,0,-1,0,1,1,1,5,1,1
3289997713,1,1,6,1,2,3,4,5,6,,4,5,6,1,2,3,,6,6,6,6,6,4,3,5,4,6,6,4,4,6,3,0,-1,1,0,4,3,4,4,1
3289996800,1,1,6,1,2,3,4,5,6,,4,3,5,2,6,1,,6,6,6,5,6,1,3,5,2,6,6,2,4,6,2,0,-1,0,1,1,1,4,5,1
3289996025,1,1,6,1,2,3,4,5,6,,6,4,5,3,2,1,,6,6,6,6,6,4,6,6,6,6,6,2,6,6,1,1,1,1,1,2,4,5,6,0
3289995352,1,0,6,1,2,3,4,5,6,,2,3,4,5,1,6,,6,6,6,6,6,6,6,6,6,6,6,6,6,6,1,1,0,0,1,4,2,4,2,0
3289993284,1,0,2,-1,-1,-1,-1,5,6,,3,4,5,6,1,2,,6,6,6,6,6,1,2,1,1,6,6,1,1,6,3,0,-1,0,1,2,3,5,7,5
3289988393,1,0,6,1,2,3,4,5,6,,2,3,4,5,1,6,,6,6,6,6,6,5,6,5,5,-1,6,5,5,5,1,1,0,0,1,4,3,3,6,1
3289986698,1,0,1,-1,-1,-1,4,-1,-1,,2,3,4,1,5,6,,4,5,6,4,4,3,4,4,1,1,6,1,1,5,3,0,-1,0,1,4,4,3,2,6
3289985995,1,0,2,-1,-1,-1,-1,5,6,,3,4,5,6,1,2,,6,6,6,6,6,6,6,5,5,6,6,5,5,6,3,0,-1,0,0,4,3,3,6,5
3289963393,1,1,3,1,-1,-1,-1,5,6,,3,2,4,5,6,1,,6,6,6,6,6,1,2,1,1,6,6,1,1,6,3,0,-1,0,1,4,5,4,4,4
3289962614,1,1,6,1,2,3,4,5,6,,4,5,6,1,3,2,,6,6,6,6,6,5,3,3,3,6,6,4,6,6,1,1,1,1,0,4,3,5,8,0
3289955364,1,1,6,1,2,3,4,5,6,,4,5,6,2,3,1,,6,5,5,4,6,4,5,3,5,5,5,3,4,6,2,0,-1,1,0,3,3,3,3,1
3289952496,1,1,6,1,2,3,4,5,6,,5,2,3,4,6,1,,4,4,4,4,4,4,4,4,4,4,4,5,4,4,3,1,0,1,0,2,3,3,5,0
3289951011,1,0,5,-1,2,3,4,5,6,,4,5,6,3,1,2,,6,6,6,4,6,5,5,4,4,6,6,4,4,6,2,0,-1,1,1,4,3,4,1,2
3289949409,1,1,3,-1,-1,-1,4,5,6,,4,5,6,2,3,1,,6,6,6,4,6,1,6,6,6,6,6,6,1,6,2,0,-1,1,0,2,3,4,8,4
3289943405,1,0,3,-1,-1,-1,4,5,6,,5,6,1,2,4,3,,6,6,6,5,6,4,5,5,3,6,3,5,4,6,2,0,-1,0,0,4,3,5,4,4
3289943097,1,0,4,1,-1,-1,4,5,6,,4,5,6,2,3,1,,6,6,6,4,6,4,2,6,1,6,6,1,5,6,2,0,-1,0,1,3,3,5,3,3
3289933137,1,0,1,1,-1,-1,-1,-1,-1,,1,2,3,4,5,6,,6,6,6,1,1,-1,2,1,1,6,6,5,1,5,3,0,-1,0,1,4,2,3,6,7
3289924943,1,1,2,-1,-1,-1,-1,5,6,,3,4,5,6,1,2,,6,6,6,6,6,4,4,4,3,6,6,3,4,6,1,1,1,1,1,3,5,4,9,4
3289923980,1,1,6,1,2,3,4,5,6,,6,5,4,2,1,3,,6,6,6,4,5,2,4,5,4,5,5,2,4,6,2,1,0,1,1,3,3,5,6,0
3289920249,1,1,6,1,2,3,4,5,6,,5,4,6,1,2,3,,6,6,6,5,6,5,5,1,5,6,6,5,6,6,3,0,-1,0,1,1,5,4,7,1
3289918842,1,0,2,-1,-1,-1,-1,5,6,,1,2,4,5,6,3,,6,5,1,1,5,1,5,1,1,5,5,1,1,5,2,0,-1,0,0,3,1,3,6,5
3289914097,1,1,6,1,2,3,4,5,6,,4,5,6,2,1,3,,4,6,6,5,6,2,3,5,4,4,4,4,5,6,3,0,-1,1,1,3,3,4,3,1
3289913649,1,0,1,1,-1,-1,-1,-1,-1,,1,2,3,4,5,6,,1,4,4,1,1,1,4,1,1,4,4,1,1,1,3,0,-1,0,0,4,1,4,6,6
3289909917,1,1,6,1,2,3,4,5,6,,4,6,5,1,2,3,,6,6,6,6,6,6,6,5,4,6,6,2,6,6,1,0,-1,1,0,3,5,3,5,1
3289907541,1,0,3,1,-1,-1,-1,5,6,,1,4,5,6,3,2,,6,6,6,6,6,6,6,6,6,6,6,1,1,6,3,0,-1,0,1,4,3,5,6,4
3289905986,1,0,3,1,2,3,-1,-1,-1,,1,2,3,4,5,6,,1,4,5,3,5,1,2,1,1,6,6,5,5,6,3,0,-1,0,1,1,1,4,8,4
3289905044,1,1,6,1,2,3,4,5,6,,6,5,2,4,3,1,,6,6,6,6,6,5,6,4,4,6,4,4,6,6,3,0,-1,0,1,2,2,2,7,1
3289902920,1,1,6,1,2,3,4,5,6,,6,5,4,3,2,1,,6,6,6,5,6,6,6,6,6,4,4,2,4,6,2,1,1,0,0,2,4,5,5,0
3289902115,1,0,1,-1,-1,-1,-1,5,-1,,2,3,4,5,1,6,,5,5,5,5,5,1,5,5,5,5,5,5,1,5,3,0,-1,0,1,2,3,4,5,6
3289901820,1,1,6,1,2,3,4,5,6,,5,6,3,1,4,2,,5,6,6,4,5,2,2,4,5,6,6,5,1,6,2,1,0,1,0,3,3,3,8,0
3289901633,1,0,6,1,2,3,4,5,6,,5,4,6,2,1,3,,6,6,6,2,5,1,4,2,1,3,3,2,1,5,3,0,-1,0,1,2,5,5,3,1
3289897826,1,1,6,1,2,3,4,5,6,,5,4,6,3,1,2,,6,6,6,4,5,3,3,5,4,5,5,5,5,6,2,0,-1,1,0,4,2,3,7,1
3289896565,1,1,6,1,2,3,4,5,6,,6,5,4,3,1,2,,6,6,6,4,6,6,6,6,6,6,6,2,3,6,2,1,0,1,1,2,2,5,9,0
3289895732,1,1,6,1,2,3,4,5,6,,6,5,1,2,3,4,,6,5,5,5,6,5,6,1,1,3,6,3,5,6,2,1,1,1,1,1,2,5,6,0
3289888015,1,1,6,1,2,3,4,5,6,,6,4,5,2,1,3,,6,6,6,3,5,5,6,6,5,6,6,2,4,6,2,1,0,0,1,2,3,5,6,0
3289885747,1,0,4,1,2,-1,-1,5,6,,3,4,5,6,1,2,,6,6,5,5,6,3,2,4,4,5,6,4,4,6,3,0,-1,1,0,4,4,4,1,3
3289878528,1,1,6,1,2,3,4,5,6,,6,4,5,1,2,3,,6,6,6,2,6,6,6,6,6,6,6,2,4,6,1,0,-1,0,1,2,3,4,4,1
3289877093,1,1,6,1,2,3,4,5,6,,4,5,6,1,2,3,,6,6,6,6,6,6,6,1,4,6,6,6,6,6,1,0,-1,1,0,3,4,5,9,1
3289874408,1,1,6,1,2,3,4,5,6,,6,5,3,2,1,4,,6,6,6,5,6,6,6,6,4,5,5,3,6,6,2,1,0,1,0,2,3,1,5,0
3289873978,1,1,3,-1,-1,-1,4,5,6,,4,5,6,1,2,3,,6,5,6,4,5,1,2,4,1,5,5,1,1,5,3,0,-1,0,1,3,3,5,8,4
3289870772,1,0,2,-1,-1,-1,-1,5,6,,3,4,5,6,1,2,,5,5,5,5,5,1,5,5,3,4,4,3,1,5,3,0,-1,0,0,3,2,5,1,5
3289868197,1,1,6,1,2,3,4,5,6,,3,4,5,6,2,1,,6,6,6,5,6,4,5,4,4,5,5,3,5,5,3,1,0,1,0,4,3,3,9,0
3289866531,1,1,4,1,-1,-1,4,5,6,,3,5,6,1,2,4,,6,6,6,5,6,4,6,4,4,6,6,2,2,6,3,0,-1,0,0,4,3,3,1,3
3289865550,1,0,3,-1,-1,3,-1,5,6,,3,4,5,6,2,1,,6,5,6,5,6,4,6,1,5,6,6,2,1,6,2,0,-1,0,1,3,3,4,8,4
3289864687,1,1,3,-1,-1,-1,4,5,6,,4,5,6,2,1,3,,6,6,6,1,6,1,2,4,1,6,6,1,1,5,2,0,-1,0,0,3,4,4,8,4
3289861464,1,1,3,-1,-1,-1,4,5,6,,4,5,6,3,1,2,,6,6,6,5,5,-1,4,1,1,5,5,1,1,6,3,1,0,1,0,4,1,4,4,4
3289857817,1,1,4,-1,-1,3,4,5,6,,6,5,4,3,2,1,,6,6,6,2,6,2,6,5,3,5,6,2,2,6,2,0,-1,0,1,2,3,5,8,3
3289855873,1,1,6,1,2,3,4,5,6,,5,4,3,6,1,2,,6,6,6,6,6,5,6,5,5,6,6,5,6,6,2,0,-1,1,1,1,3,3,3,1
3289847932,1,1,6,1,2,3,4,5,6,,5,2,1,6,3,4,,6,5,6,6,6,6,6,5,6,6,6,3,6,6,2,1,1,0,0,1,2,3,1,0
3289844139,1,1,3,1,-1,-1,-1,5,6,,6,3,4,5,1,2,,6,6,6,5,6,4,6,6,4,6,6,3,3,6,2,0,-1,1,0,4,3,5,8,4
3289835282,1,1,6,1,2,3,4,5,6,,3,6,5,4,1,2,,6,6,6,6,6,6,6,4,6,6,6,2,3,6,2,0,-1,1,0,4,3,3,8,1
3289829982,1,1,6,1,2,3,4,5,6,,6,5,4,1,3,2,,6,6,6,5,6,2,6,5,5,6,6,3,4,6,1,0,-1,1,1,2,1,3,1,1
3289821310,1,1,6,1,2,3,4,5,6,,1,2,3,4,5,6,,6,6,6,6,6,6,6,6,6,6,6,6,6,6,3,0,-1,1,1,4,1,3,1,1
3289815685,1,1,6,1,2,3,4,5,6,,6,4,5,1,2,3,,6,6,6,3,6,5,6,3,5,5,5,2,6,6,2,0,-1,1,0,2,2,4,8,1
3289813977,1,1,3,1,-1,-1,-1,5,6,,3,4,5,6,1,2,,6,6,6,6,6,6,6,6,6,6,6,6,6,6,3,0,-1,1,1,4,2,3,1,4
3289809469,1,1,6,1,2,3,4,5,6,,4,5,6,2,1,3,,6,6,6,5,6,5,6,5,6,6,6,3,5,5,2,1,0,0,0,2,3,3,9,0
3289804908,1,1,4,1,2,-1,-1,5,6,,1,4,5,6,2,3,,6,6,6,6,6,5,3,4,4,6,6,-1,6,6,3,0,-1,1,1,2,4,4,9,4
3289804326,1,1,6,1,2,3,4,5,6,,5,6,4,1,2,3,,6,6,6,5,6,4,5,5,4,6,6,6,5,6,2,0,-1,1,0,3,2,5,2,1
3289804031,1,1,6,1,2,3,4,5,6,,5,4,1,2,3,6,,6,6,6,6,6,4,3,5,1,5,5,4,6,6,3,0,-1,1,1,3,3,3,6,1
3289802847,1,0,3,-1,-1,-1,4,5,6,,4,5,6,1,2,3,,6,6,6,1,6,1,2,6,4,6,6,1,1,6,2,0,-1,0,1,2,3,4,2,4
3289799650,1,1,1,1,-1,-1,-1,-1,-1,,1,4,5,6,2,3,,4,6,4,5,6,4,2,4,4,6,6,4,4,6,1,0,-1,1,1,2,5,5,6,6
3289799581,1,1,4,1,-1,-1,4,5,6,,4,5,6,1,2,3,,6,6,6,6,6,1,6,6,6,6,6,3,6,6,3,0,-1,0,1,2,3,3,4,3
3289798968,1,0,3,-1,-1,3,-1,5,6,,5,6,1,2,3,4,,6,6,6,1,6,1,6,1,1,6,6,1,1,6,3,0,-1,0,1,4,1,3,1,4
3289790146,1,1,6,1,2,3,4,5,6,,3,4,5,6,1,2,,6,6,6,5,6,4,2,4,2,6,6,2,5,6,2,0,-1,1,0,3,5,3,3,1
3289786719,1,1,6,1,2,3,4,5,6,,3,4,5,6,1,2,,6,6,6,6,6,6,6,6,6,6,6,6,6,6,2,1,1,1,0,4,4,3,3,0
3289781705,1,1,3,-1,-1,-1,4,5,6,,2,4,6,5,3,1,,6,6,6,3,6,1,2,6,2,6,6,1,1,6,3,0,-1,1,0,4,2,3,7,4
3289758800,1,1,6,1,2,3,4,5,6,,6,2,3,1,4,5,,5,4,5,4,5,4,5,4,5,5,5,2,5,5,1,1,0,1,0,2,3,3,3,0
3289757163,1,1,6,1,2,3,4,5,6,,5,6,4,1,2,3,,6,6,6,6,6,6,6,5,4,6,6,2,5,5,1,1,0,1,0,3,3,5,6,0
3289752347,1,0,6,1,2,3,4,5,6,,4,5,6,1,2,3,,5,5,5,5,5,4,5,4,5,5,5,5,4,5,3,0,-1,1,1,2,3,2,2,1
3289745063,1,1,6,1,2,3,4,5,6,,2,3,6,5,1,4,,6,6,6,5,6,5,5,5,3,4,4,4,4,3,3,0,-1,1,0,4,2,5,5,1
3289737236,1,1,6,1,2,3,4,5,6,,4,5,6,1,2,3,,6,6,6,3,6,1,2,3,3,6,6,3,5,6,2,0,-1,1,1,2,2,4,9,1
3289733444,1,1,6,1,2,3,4,5,6,,1,2,3,4,5,6,,6,6,6,4,6,1,2,1,1,6,6,1,1,6,3,1,1,1,1,4,1,3,1,0
3289727014,1,1,4,1,-1,-1,4,5,6,,4,5,6,2,3,1,,5,6,6,4,6,2,5,5,3,6,6,2,1,6,2,0,-1,1,0,4,4,5,5,3
3289725827,1,1,6,1,2,3,4,5,6,,6,5,4,1,2,3,,6,6,6,6,2,2,-1,6,3,6,6,3,6,6,3,0,-1,1,1,4,3,3,9,2
3289725605,1,1,5,1,2,-1,4,5,6,,4,5,6,1,2,3,,6,6,6,5,6,4,6,5,4,6,6,4,4,6,2,0,-1,1,0,4,3,5,5,2
3289722110,1,0,6,1,2,3,4,5,6,,1,3,2,4,6,5,,4,4,4,4,4,4,4,4,4,4,4,4,4,4,3,1,1,0,0,4,3,4,9,0
3289711817,1,1,6,1,2,3,4,5,6,,6,5,4,1,2,3,,6,6,6,6,6,2,2,4,2,6,6,3,6,6,2,0,-1,1,0,2,3,4,3,1
3289706727,1,1,6,1,2,3,4,5,6,,3,6,5,2,1,4,,6,6,6,6,6,5,6,4,4,6,6,4,6,6,2,0,-1,0,1,1,1,3,6,1
3289705195,1,1,6,1,2,3,4,5,6,,4,5,6,1,3,2,,5,6,6,4,6,2,2,5,4,6,6,6,6,6,2,0,-1,1,0,3,4,4,1,1
3289700288,1,1,6,1,2,3,4,5,6,,5,6,1,2,3,4,,6,6,6,4,6,3,2,4,3,5,5,5,4,6,1,0,-1,0,0,1,2,3,5,1
3289695941,1,1,6,1,2,3,4,5,6,,4,5,6,1,3,2,,6,6,6,6,6,5,6,6,6,6,6,4,5,6,2,0,-1,0,0,3,2,3,1,1
3289693023,1,1,6,1,2,3,4,5,6,,5,6,4,2,1,3,,6,6,6,2,6,6,6,6,5,5,5,2,4,6,2,0,-1,0,0,4,5,5,1,1
3289692258,1,1,3,-1,-1,3,-1,5,6,,4,5,3,6,1,2,,6,6,6,6,6,6,6,6,6,6,6,6,6,6,2,0,-1,1,0,3,1,4,3,4
3289689331,1,0,6,1,2,3,4,5,6,,1,2,3,6,5,4,,5,5,5,2,5,2,3,4,4,5,5,5,5,6,1,0,-1,1,1,2,2,4,8,1
3289688885,1,1,6,1,2,3,4,5,6,,1,6,4,5,2,3,,6,6,6,6,6,4,6,5,4,6,6,4,4,6,3,0,-1,1,0,4,3,4,9,1
3289684323,1,1,6,1,2,3,4,5,6,,6,3,4,2,1,5,,5,-1,6,5,6,5,6,1,4,5,6,2,1,6,3,0,-1,0,0,2,4,5,8,2
3289681765,1,1,6,1,2,3,4,5,6,,3,4,5,6,2,1,,6,6,6,6,6,5,5,5,5,6,6,6,5,6,3,0,-1,0,0,3,3,5,7,1
3289673695,1,0,6,1,2,3,4,5,6,,1,2,3,4,5,6,,6,5,5,5,5,4,5,4,4,4,5,4,4,5,3,0,-1,1,0,3,5,4,1,1
3289653763,1,1,4,1,2,-1,-1,5,6,,3,6,4,5,1,2,,6,6,6,5,6,4,3,4,4,6,6,1,1,6,3,0,-1,1,0,4,1,5,9,3
3289652167,1,1,6,1,2,3,4,5,6,,2,1,3,6,4,5,,5,6,5,5,5,5,6,5,6,5,5,2,6,6,1,1,0,1,1,3,4,5,6,0
3289645505,1,0,1,1,-1,-1,-1,-1,-1,,1,2,3,4,5,6,,4,6,6,-1,6,4,2,3,3,5,5,3,2,4,3,0,-1,0,0,4,2,2,1,7
3289644365,1,1,4,-1,2,3,-1,5,6,,4,5,3,6,2,1,,6,6,6,6,6,4,6,3,3,6,6,4,4,6,3,0,-1,1,0,4,4,3,3,3
3289641241,1,0,6,1,2,3,4,5,6,,3,4,5,6,1,2,,5,5,5,3,5,2,3,1,1,5,5,2,5,6,3,0,-1,0,1,2,2,4,4,1
3289638367,1,1,6,1,2,3,4,5,6,,4,5,6,1,3,2,,6,6,6,5,6,2,3,4,3,-1,4,2,3,5,1,1,0,0,0,4,2,4,1,1
3289633176,1,1,6,1,2,3,4,5,6,,1,4,6,5,2,3,,6,6,6,6,6,4,6,4,4,6,6,4,4,6,3,0,-1,1,0,4,2,3,1,1
3289625071,1,1,6,1,2,3,4,5,6,,4,5,3,6,1,2,,6,6,6,5,6,4,6,4,4,6,6,4,3,6,1,1,0,1,1,3,3,3,5,0
3289621004,1,1,5,1,2,3,4,5,-1,,4,5,6,1,2,3,,6,6,6,6,6,5,6,6,4,6,6,6,6,6,1,0,-1,1,1,3,3,2,3,2
3289610391,1,0,2,-1,-1,-1,-1,5,6,,1,2,3,4,5,6,,5,5,5,5,5,4,3,3,4,5,5,5,4,5,1,0,-1,0,1,3,3,4,1,5
3289600885,1,0,5,1,2,3,-1,5,6,,4,2,5,6,3,1,,6,6,6,5,4,4,3,4,3,6,6,6,1,6,3,0,-1,0,1,2,4,4,8,2
3289598419,1,0,2,-1,-1,-1,-1,5,6,,3,4,5,6,1,2,,5,5,5,5,6,4,2,1,2,5,5,2,1,5,2,0,-1,0,1,3,2,4,8,5
3289597035,1,1,6,1,2,3,4,5,6,,4,6,5,1,3,2,,6,5,5,5,6,6,6,3,6,5,6,3,3,6,2,0,-1,1,0,2,2,5,5,1
3289582868,1,1,6,1,2,3,4,5,6,,6,2,5,3,1,4,,6,5,6,3,6,5,5,4,5,4,4,2,3,5,2,0,-1,1,0,2,2,3,4,1
3289582774,1,0,2,-1,-1,-1,-1,5,6,,3,4,5,6,1,2,,6,5,6,5,6,5,6,5,2,6,6,1,1,6,3,0,-1,0,1,4,2,3,3,5
3289582090,1,1,6,1,2,3,4,5,6,,4,5,6,1,3,2,,6,6,6,4,2,2,2,6,2,6,6,5,5,6,1,0,-1,1,1,3,3,2,5,1
3289573606,1,1,6,1,2,3,4,5,6,,6,5,4,2,1,3,,6,6,6,5,6,3,3,5,4,6,5,5,6,6,2,0,-1,1,1,3,3,4,8,1
3289572808,1,0,6,1,2,3,4,5,6,,1,2,4,5,6,3,,6,6,6,6,6,1,6,1,4,6,6,4,5,6,3,0,-1,0,0,4,4,5,7,1
3289564387,1,1,6,1,2,3,4,5,6,,6,5,4,2,1,3,,6,6,6,5,6,2,4,6,5,6,6,2,5,6,2,0,-1,1,1,2,3,3,1,1
3289553473,1,1,4,-1,-1,3,4,5,6,,6,5,4,1,2,3,,6,5,5,4,6,4,5,5,4,5,6,2,4,6,2,1,0,0,0,2,4,4,1,2
3289552996,1,1,6,1,2,3,4,5,6,,6,4,5,1,3,2,,6,6,6,5,6,4,6,5,5,6,6,3,2,6,1,0,-1,1,1,2,4,5,3,1
3289552625,1,0,3,1,2,3,-1,-1,-1,,1,2,3,4,5,6,,6,6,6,6,6,6,6,6,6,6,6,6,6,6,1,0,-1,0,1,2,3,3,5,4
3289543778,1,1,4,1,-1,-1,4,5,6,,4,5,2,1,6,3,,6,6,6,5,6,4,5,4,4,6,6,4,4,4,2,0,-1,0,1,3,4,4,2,3
3289540349,1,1,6,1,2,3,4,5,6,,6,4,5,1,2,3,,5,6,6,3,5,5,6,4,5,6,6,3,4,6,2,1,0,1,0,1,1,4,9,0
3289539921,1,1,6,1,2,3,4,5,6,,6,5,3,2,1,4,,6,5,4,4,5,1,5,4,4,4,6,1,1,5,2,1,1,1,1,2,1,5,6,0
3289537363,1,1,3,-1,-1,-1,4,5,6,,4,5,6,1,2,3,,5,5,5,5,5,4,5,4,4,6,6,5,4,6,1,0,-1,1,1,2,4,4,6,4
3289537293,1,1,6,1,2,3,4,5,6,,4,5,6,1,3,2,,6,6,6,5,6,4,6,4,4,6,6,3,4,5,1,0,-1,1,0,4,3,4,1,1
3289536171,1,0,1,1,-1,-1,-1,-1,-1,,1,2,3,4,5,6,,6,6,6,6,6,1,2,1,1,6,6,6,1,6,3,0,-1,0,1,2,5,4,6,6
3289533753,1,1,6,1,2,3,4,5,6,,1,2,3,4,5,6,,6,6,6,3,6,2,3,1,1,6,6,6,6,6,3,1,1,1,1,3,3,5,2,0
3289531711,1,1,6,1,2,3,4,5,6,,4,5,3,6,1,2,,6,6,6,6,6,5,5,5,6,6,6,6,5,6,3,1,1,1,1,3,1,5,6,0
3289530042,1,1,6,1,2,3,4,5,6,,6,5,4,3,1,2,,6,6,5,3,6,2,6,5,6,5,6,2,2,6,2,1,0,1,0,2,2,4,3,0
3289529064,1,0,1,1,-1,-1,-1,-1,-1,,1,2,3,4,5,6,,6,6,6,4,5,3,2,4,4,6,6,4,4,5,3,0,-1,1,0,3,3,4,7,6
3289526845,1,0,3,1,-1,-1,-1,5,6,,5,2,4,6,1,3,,6,6,6,1,5,1,6,1,1,6,6,5,1,6,3,0,-1,0,0,4,4,5,7,4
3289526048,1,0,4,1,-1,-1,4,5,6,,4,5,6,2,3,1,,6,6,6,3,6,2,2,3,4,6,6,2,3,6,3,0,-1,0,1,2,2,5,4,3
3289522048,1,0,3,-1,-1,-1,4,5,6,,4,5,6,3,1,2,,5,4,6,1,5,4,5,5,4,4,4,1,1,5,2,1,0,0,0,3,2,4,6,3
3289510637,1,0,3,-1,-1,-1,4,5,6,,4,5,6,1,2,3,,4,4,4,1,4,1,4,1,1,4,4,1,1,4,2,0,-1,0,1,1,4,5,6,4
3289508774,1,0,4,1,-1,-1,4,5,6,,4,5,6,1,3,2,,5,5,5,4,6,2,2,3,2,6,6,2,5,6,3,0,-1,0,1,4,1,4,7,3
3289505557,1,0,2,1,-1,-1,-1,5,-1,,1,3,4,5,2,6,,6,6,6,6,6,1,4,1,1,6,6,4,5,5,3,0,-1,0,1,1,2,5,8,5
3289498676,1,1,5,1,2,3,-1,5,6,,2,3,4,6,5,1,,6,6,6,4,6,4,2,4,4,5,5,1,5,6,3,0,-1,1,0,3,5,5,1,2
3289498263,1,1,6,1,2,3,4,5,6,,3,6,4,5,1,2,,6,6,6,5,6,6,5,4,5,6,6,1,5,6,2,0,-1,0,1,3,3,4,7,1
3289492075,1,0,2,-1,-1,-1,-1,5,6,,3,4,5,6,1,2,,6,6,6,6,6,4,6,5,4,6,6,5,4,6,3,0,-1,0,1,3,2,3,9,5
3289489736,1,1,6,1,2,3,4,5,6,,3,4,5,2,1,6,,6,6,6,6,6,6,5,6,6,6,6,6,6,6,1,0,-1,1,1,3,2,4,8,1
3289484757,1,1,6,1,2,3,4,5,6,,3,4,5,6,1,2,,6,5,6,5,6,4,5,4,4,6,6,4,6,6,2,0,-1,1,1,2,2,4,3,1
3289472648,1,1,6,1,2,3,4,5,6,,1,5,2,3,4,6,,5,5,6,6,6,5,6,1,3,4,6,3,6,6,1,1,1,1,1,1,1,4,3,0
3289467778,1,1,6,1,2,3,4,5,6,,4,5,6,3,1,2,,6,6,6,6,6,6,6,6,5,6,6,6,4,6,1,0,-1,1,0,3,3,4,8,1
3289467324,1,1,3,-1,-1,3,-1,5,6,,4,5,3,6,1,2,,6,6,6,6,6,5,2,1,1,6,6,1,1,6,1,0,-1,1,1,3,4,4,4,4
3289463066,1,1,6,1,2,3,4,5,6,,1,3,2,4,5,6,,5,5,6,6,5,6,6,4,6,6,5,3,6,6,2,1,0,1,0,3,2,3,1,0
3289458608,1,1,6,1,2,3,4,5,6,,5,6,4,1,3,2,,6,6,6,5,6,5,5,4,5,6,6,2,3,6,1,1,0,1,1,1,3,4,7,0
3289450247,1,0,1,-1,-1,-1,-1,5,-1,,-1,3,2,5,1,4,,6,5,5,3,5,2,6,1,-1,6,6,-1,-1,6,3,0,-1,0,1,4,3,5,5,10
3289450050,1,0,4,-1,2,3,-1,5,6,,6,2,1,3,4,5,,5,6,6,4,-1,3,5,3,4,5,5,4,3,4,3,0,-1,0,1,4,1,3,1,4
3289448435,1,1,6,1,2,3,4,5,6,,4,5,6,2,3,1,,6,6,6,6,6,6,6,6,6,6,6,6,6,6,2,1,1,1,0,4,3,5,7,0
3289445841,1,1,6,1,2,3,4,5,6,,2,1,3,4,5,6,,6,5,5,5,6,2,2,5,5,5,5,5,5,6,2,0,-1,1,1,3,5,4,9,1
3289434297,1,1,6,1,2,3,4,5,6,,6,5,4,3,1,2,,6,6,6,3,6,6,6,6,6,6,6,2,4,6,2,1,1,1,0,3,1,2,3,0
3289423303,1,1,6,1,2,3,4,5,6,,5,6,4,1,2,3,,6,6,6,6,6,5,6,6,3,6,6,3,5,6,3,0,-1,1,1,3,5,5,7,1
3289416615,1,1,4,1,-1,-1,4,5,6,,4,6,5,1,2,3,,6,6,6,2,6,2,2,4,4,6,6,2,6,6,1,0,-1,1,0,3,1,3,8,3
3289414959,1,1,6,1,2,3,4,5,6,,6,5,4,1,2,3,,6,6,6,2,6,6,6,6,6,6,6,2,5,6,2,1,1,1,0,3,3,3,9,0
3289414036,1,0,2,1,-1,-1,-1,5,-1,,2,3,4,5,6,1,,6,6,5,6,6,1,5,1,1,1,6,1,1,6,3,0,-1,0,1,3,1,3,7,5
3289410455,1,1,6,1,2,3,4,5,6,,5,6,4,2,1,3,,6,6,6,5,6,2,3,5,3,5,6,2,4,6,3,1,0,1,0,1,5,5,7,0
3289398157,1,0,1,1,-1,-1,-1,-1,-1,,1,2,3,4,5,6,,5,5,5,1,1,1,5,1,1,5,5,1,1,5,3,0,-1,0,0,3,2,3,7,6
3289394268,1,1,1,-1,2,-1,-1,-1,-1,,4,5,3,6,2,1,,6,5,2,5,5,4,5,3,1,4,5,5,4,4,3,1,1,0,1,1,2,4,8,5
3289393495,1,0,2,-1,-1,-1,-1,5,6,,3,4,5,6,1,2,,6,4,5,1,6,1,6,1,1,4,4,1,1,4,3,0,-1,0,0,4,2,4,7,5
3289392497,1,1,6,1,2,3,4,5,6,,6,4,5,2,3,1,,6,5,6,3,6,2,6,6,3,6,6,4,3,6,2,0,-1,1,1,2,1,2,1,1
3289383220,1,0,2,1,-1,-1,-1,5,-1,,1,4,5,2,6,3,,6,6,6,1,6,1,6,1,1,6,6,1,1,6,3,0,-1,0,1,4,3,3,9,5
3289370623,1,1,6,1,2,3,4,5,6,,5,3,6,4,1,2,,6,6,6,6,6,5,6,6,3,6,6,3,3,5,2,0,-1,0,1,3,2,4,8,1
3289369318,1,1,3,-1,-1,-1,4,5,6,,6,4,5,3,1,2,,6,6,5,4,6,2,5,5,6,6,6,2,2,6,1,1,0,1,1,2,3,5,8,3
3289363684,1,1,6,1,2,3,4,5,6,,6,1,3,5,4,2,,6,5,6,3,5,2,5,1,4,5,6,2,5,6,3,0,-1,1,0,1,3,4,9,1
3289358306,1,0,1,1,-1,-1,-1,-1,-1,,1,2,3,4,5,6,,6,6,6,5,6,5,6,4,4,6,6,4,4,6,3,0,-1,0,1,3,3,4,3,6
3289354975,1,1,6,1,2,3,4,5,6,,5,6,4,3,1,2,,6,6,6,4,6,2,4,5,5,5,5,3,3,6,2,0,-1,0,1,1,1,4,5,1
3289351950,1,1,6,1,2,3,4,5,6,,1,3,5,6,2,4,,6,6,6,6,6,6,6,5,5,6,6,5,6,6,2,0,-1,1,1,3,3,4,3,1
3289351379,1,1,6,1,2,3,4,5,6,,4,5,6,1,2,3,,6,6,6,6,6,6,6,6,6,6,6,6,6,6,2,0,-1,1,1,2,3,3,4,1
3289322178,1,0,1,-1,-1,-1,-1,5,-1,,2,3,4,5,1,6,,5,5,5,5,5,4,5,4,4,5,5,5,4,5,1,0,-1,0,1,2,2,4,6,6
3289321600,1,0,1,1,-1,-1,-1,-1,-1,,1,2,3,4,5,6,,1,1,1,1,1,1,1,1,1,1,1,1,1,1,3,0,-1,0,0,4,5,5,5,6
3289311086,1,1,6,1,2,3,4,5,6,,3,5,2,1,4,6,,6,6,6,5,6,4,2,4,4,6,6,2,5,6,3,0,-1,0,1,4,3,-1,7,2
3289274314,1,1,6,1,2,3,4,5,6,,6,5,4,1,3,2,,5,6,5,6,6,5,4,5,2,5,5,4,4,6,1,0,-1,1,0,4,3,3,9,1
3289262699,1,0,6,1,2,3,4,5,6,,4,5,6,1,2,3,,6,6,6,4,6,1,2,1,4,6,6,1,6,6,1,0,-1,0,1,2,3,4,1,1
3289262511,1,0,6,1,2,3,4,5,6,,1,3,2,6,4,5,,5,6,6,5,6,4,3,5,5,6,6,4,1,6,2,0,-1,0,0,1,2,3,6,1
3289198607,1,0,6,1,2,3,4,5,6,,2,5,6,1,3,4,,3,5,6,5,6,2,4,4,3,5,6,4,6,6,2,1,0,0,0,1,2,5,5,0
3289177383,1,1,6,1,2,3,4,5,6,,6,4,5,2,1,3,,6,5,6,3,6,5,6,3,5,6,6,2,2,6,2,1,1,1,0,2,4,3,5,0
3289156917,1,1,6,1,2,3,4,5,6,,6,3,5,1,2,4,,6,6,6,3,5,2,3,4,3,5,6,2,4,6,1,1,1,1,0,2,4,5,3,0
3289148779,1,0,1,1,-1,-1,-1,-1,-1,,1,2,3,4,5,6,,3,3,3,4,3,4,3,3,4,3,3,3,4,4,1,0,-1,0,0,4,3,5,8,6
3289112999,1,0,6,1,2,3,4,5,6,,4,5,6,3,1,2,,5,6,6,5,5,1,3,1,1,6,6,1,1,6,3,0,-1,0,1,3,5,4,7,1
3289095873,1,0,1,1,-1,-1,-1,-1,-1,,1,2,3,4,5,6,,4,5,5,4,4,4,3,4,4,4,5,4,4,4,3,0,-1,0,1,4,4,5,4,6
3289054324,1,1,6,1,2,3,4,5,6,,1,4,5,3,2,6,,5,5,5,5,6,1,3,4,2,3,6,3,6,6,2,1,1,0,0,2,5,3,1,0
3288941294,1,1,6,1,2,3,4,5,6,,3,5,4,6,1,2,,6,6,6,3,6,2,6,3,5,6,6,5,5,6,1,0,-1,1,0,2,5,5,7,1
3288793006,1,1,2,1,-1,-1,-1,5,-1,,1,3,4,5,2,6,,6,6,6,4,6,1,3,5,5,5,5,4,1,6,3,0,-1,0,1,4,3,4,4,5
3288777560,1,1,6,1,2,3,4,5,6,,1,5,4,2,6,3,,6,3,3,3,6,3,6,1,-1,6,6,2,2,6,2,0,-1,0,0,1,2,3,6,2
3288771826,1,0,4,1,-1,-1,4,5,6,,5,6,4,1,3,2,,6,6,6,4,6,4,2,5,3,6,6,5,6,6,1,0,-1,0,1,2,5,4,1,3
3288750443,1,1,6,1,2,3,4,5,6,,6,5,4,1,3,2,,6,6,6,6,6,6,6,4,4,2,5,2,6,6,2,1,0,1,0,3,1,3,4,0
3288741236,1,1,6,1,2,3,4,5,6,,3,2,1,6,4,5,,6,6,6,6,6,4,6,4,4,6,6,6,5,6,2,0,-1,1,1,1,2,3,4,1
3288728912,1,1,4,1,-1,-1,4,5,6,,4,5,6,1,2,3,,6,6,6,5,6,2,2,3,2,6,6,2,3,5,2,0,-1,1,1,3,3,4,7,3
3288722710,1,1,3,-1,-1,-1,4,5,6,,4,5,6,1,3,2,,6,6,6,6,6,-1,4,5,5,6,6,1,1,6,2,0,-1,1,1,3,1,3,5,5
3288719090,1,0,5,1,2,-1,4,5,6,,3,5,6,1,2,4,,6,6,5,4,4,1,2,1,4,6,6,4,6,6,3,0,-1,1,1,1,2,4,9,2
3288718743,1,1,6,1,2,3,4,5,6,,4,5,6,1,3,2,,5,5,5,4,5,2,4,4,4,6,6,3,4,6,2,0,-1,1,1,1,5,4,6,1
3288714827,1,1,6,1,2,3,4,5,6,,4,5,6,2,1,3,,6,5,6,5,6,4,-1,5,5,5,5,2,3,6,1,1,0,0,1,2,1,5,6,1
3288714697,1,0,2,-1,-1,-1,4,5,-1,,3,4,5,1,2,6,,5,5,5,4,5,2,2,1,4,5,5,4,4,5,3,0,-1,0,1,1,1,2,8,5
3288713721,1,0,4,1,-1,-1,4,5,6,,5,4,6,3,2,1,,5,5,5,5,4,1,2,1,3,6,6,3,1,6,3,0,-1,0,1,1,1,3,6,3
3288713570,1,1,6,1,2,3,4,5,6,,4,6,5,1,2,3,,6,6,6,3,6,5,5,5,3,5,6,3,3,6,1,1,0,1,1,3,4,4,7,0
3288712832,1,1,6,1,2,3,4,5,6,,1,2,3,4,5,6,,6,-1,5,5,6,4,5,4,4,6,6,4,4,6,2,0,-1,1,1,3,2,3,8,2
3288704807,1,1,6,1,2,3,4,5,6,,6,4,3,2,1,5,,6,6,6,5,6,4,6,5,5,5,6,2,4,5,1,0,-1,1,0,3,4,5,6,1
3288702291,1,1,6,1,2,3,4,5,6,,6,4,5,2,1,3,,6,5,6,3,6,4,6,4,5,5,6,2,3,6,2,1,1,1,0,2,5,5,6,0
3288700554,1,0,1,-1,-1,-1,-1,5,-1,,2,3,4,5,1,6,,5,5,5,5,6,1,4,1,1,6,6,1,1,6,3,0,-1,0,1,3,2,4,6,6
3288698085,1,1,1,1,-1,-1,-1,-1,-1,,1,2,3,4,5,6,,6,6,6,5,6,4,6,5,4,6,6,3,6,6,2,0,-1,1,1,4,2,5,6,6
3288697760,1,0,6,1,2,3,4,5,6,,1,2,3,4,5,6,,6,6,6,6,6,6,6,3,6,6,6,6,6,6,3,0,-1,0,1,1,4,3,1,1
3288687502,1,1,5,1,2,3,-1,5,6,,1,2,5,6,3,4,,6,5,5,3,6,4,3,4,4,6,6,6,4,6,3,0,-1,1,1,1,3,3,6,2
3288685641,1,1,5,1,2,-1,4,5,6,,3,5,6,4,1,2,,5,5,5,6,6,4,6,4,3,6,6,2,4,6,3,0,-1,0,1,2,3,5,9,2
3288682656,1,1,6,1,2,3,4,5,6,,6,2,3,4,1,5,,5,4,4,6,6,6,5,5,5,3,5,2,6,6,2,0,-1,1,1,2,3,4,5,1
3288678886,1,0,1,-1,-1,-1,-1,5,-1,,3,4,5,6,1,2,,4,6,6,6,6,1,5,1,1,4,6,5,1,6,3,0,-1,0,1,1,4,3,1,6
3288672490,1,0,3,1,-1,-1,4,-1,6,,3,5,6,1,4,2,,6,6,6,6,6,1,6,1,3,6,6,2,6,6,2,0,-1,0,1,1,3,4,6,4
3288671359,1,1,6,1,2,3,4,5,6,,1,2,3,4,5,6,,6,5,5,5,6,1,4,4,2,6,6,5,6,6,1,0,-1,0,1,1,2,3,4,1
3288671328,1,1,6,1,2,3,4,5,6,,6,3,2,1,5,4,,5,6,3,3,6,4,2,3,2,6,6,2,4,6,2,0,-1,1,1,1,1,4,5,1
3288668791,1,1,6,1,2,3,4,5,6,,2,6,5,4,3,1,,6,6,6,6,6,6,5,6,6,6,6,6,6,6,3,0,-1,0,1,1,5,4,8,1
3288668176,1,1,6,1,2,3,4,5,6,,5,6,3,4,1,2,,5,5,5,5,5,5,5,4,5,5,5,3,5,5,1,1,1,1,0,2,3,3,7,0
3288660175,1,1,6,1,2,3,4,5,6,,6,5,4,1,2,3,,6,5,5,6,6,4,5,4,4,6,6,2,4,5,1,1,0,0,1,3,3,5,6,0
3288657866,1,0,3,-1,-1,-1,4,5,6,,2,5,6,4,1,3,,6,6,6,6,6,1,5,1,4,6,6,1,1,6,3,0,-1,1,1,4,1,5,6,4
3288657113,1,1,6,1,2,3,4,5,6,,4,5,6,3,2,1,,5,5,5,5,5,3,4,1,4,4,6,4,4,4,3,0,-1,0,1,1,2,4,1,1
3288653548,1,1,3,-1,2,-1,-1,5,6,,1,2,3,5,6,4,,-1,5,5,-1,5,-1,5,-1,-1,5,5,-1,-1,5,3,0,-1,1,0,4,3,2,9,11
3288653149,1,1,6,1,2,3,4,5,6,,3,1,2,6,5,4,,5,5,6,3,5,4,5,5,3,5,5,5,5,6,2,1,1,1,1,1,5,3,1,0
3288647913,1,1,6,1,2,3,4,5,6,,2,4,5,6,3,1,,6,6,6,6,6,6,6,6,6,6,6,6,6,6,1,0,-1,0,1,2,3,3,2,1
3288647623,1,0,6,1,2,3,4,5,6,,4,5,6,3,1,2,,6,6,6,4,6,4,2,4,4,6,6,6,6,6,2,0,-1,1,0,3,5,5,7,1
3288644592,1,1,6,1,2,3,4,5,6,,2,3,4,5,1,6,,5,5,5,5,6,4,6,5,5,6,6,6,6,6,2,0,-1,0,1,1,1,3,9,1
3288644163,1,1,6,1,2,3,4,5,6,,5,6,1,2,3,4,,6,6,6,6,6,2,2,3,2,6,6,6,6,6,1,1,0,1,0,2,3,3,2,0
3288639377,1,1,6,1,2,3,4,5,6,,2,4,3,5,6,1,,5,6,6,6,6,5,6,-1,5,6,6,5,5,6,3,1,1,0,1,2,4,5,7,1
3288635451,1,0,4,1,2,3,4,-1,-1,,1,2,3,4,5,6,,6,6,6,5,6,3,2,3,6,6,4,4,4,6,2,1,1,1,0,4,2,3,9,2
3288629979,1,0,6,1,2,3,4,5,6,,3,6,5,1,2,4,,5,6,6,5,6,4,2,3,4,6,6,6,6,6,3,0,-1,0,1,3,3,4,6,1
3288620198,1,1,6,1,2,3,4,5,6,,4,5,6,3,1,2,,5,6,5,5,6,2,3,4,3,5,6,5,5,6,1,0,-1,1,1,2,2,3,4,1
3288618459,1,0,2,-1,-1,-1,-1,5,6,,3,4,5,6,2,1,,1,6,5,1,6,1,3,1,1,4,5,3,1,6,3,0,-1,0,1,3,4,5,3,5
3288617091,1,0,5,1,2,-1,4,5,6,,4,6,5,1,2,3,,5,5,5,5,6,2,3,4,4,4,4,2,5,6,1,0,-1,0,0,1,4,2,3,2
3288614671,1,0,5,1,2,-1,4,5,6,,5,4,6,2,1,3,,4,5,4,3,5,1,3,3,4,5,5,3,5,6,2,0,-1,1,1,3,3,5,1,2
3288614195,1,0,5,1,2,3,-1,5,6,,2,3,4,6,1,5,,4,4,4,4,4,4,4,4,4,4,4,4,4,4,3,0,-1,0,1,1,2,4,6,2
3288609566,1,0,6,1,2,3,4,5,6,,6,3,1,2,4,5,,6,5,5,5,6,2,2,6,5,6,6,3,6,6,3,0,-1,1,1,1,2,4,4,1
3288602883,1,1,6,1,2,3,4,5,6,,4,3,5,6,1,2,,6,6,6,6,6,5,6,6,6,6,6,6,5,6,3,0,-1,1,1,4,2,3,9,1
3288601847,1,1,6,1,2,3,4,5,6,,5,6,3,2,1,4,,6,5,5,4,6,5,6,4,4,5,5,6,5,6,2,1,1,1,0,3,3,3,9,0
3288599799,1,1,6,1,2,3,4,5,6,,5,2,3,6,1,4,,6,6,5,5,6,5,4,1,4,5,5,5,5,6,2,1,0,1,0,4,2,3,6,0
3288599067,1,1,6,1,2,3,4,5,6,,4,5,6,2,3,1,,6,5,6,4,6,2,5,5,1,5,6,3,4,6,1,0,-1,1,1,4,3,5,4,1
3288586178,1,0,3,-1,-1,-1,4,5,6,,4,5,6,3,2,1,,5,6,6,6,6,1,2,3,2,6,6,5,5,6,2,0,-1,0,1,3,3,4,2,4
3288585053,1,1,6,1,2,3,4,5,6,,6,5,4,3,2,1,,6,5,6,6,6,2,3,5,6,5,6,2,5,6,2,0,-1,1,1,1,3,4,4,1
3288584578,1,1,6,1,2,3,4,5,6,,6,5,4,1,2,3,,5,5,5,4,5,4,4,4,4,5,5,4,5,5,2,0,-1,1,0,2,3,5,4,1
3288583884,1,0,1,-1,-1,-1,-1,5,-1,,4,6,5,3,2,1,,5,5,6,4,5,4,5,5,5,5,5,6,6,6,1,1,0,0,0,4,1,5,-1,6
3288578072,1,1,6,1,2,3,4,5,6,,4,5,6,3,1,2,,6,6,6,6,6,4,5,4,3,6,6,5,4,6,3,0,-1,1,1,3,5,5,9,1
3288576462,1,1,6,1,2,3,4,5,6,,4,6,5,2,3,1,,5,5,5,5,6,2,2,3,3,6,6,5,5,6,2,0,-1,1,1,3,2,3,9,1
3288574703,1,1,6,1,2,3,4,5,6,,6,5,4,3,2,1,,6,6,6,3,6,5,6,5,6,5,5,2,4,5,2,1,1,1,0,2,3,5,1,0
3288571196,1,0,2,-1,-1,-1,-1,5,6,,2,3,4,5,6,1,,5,6,6,5,5,1,2,1,1,6,6,2,1,6,3,0,-1,0,1,2,1,4,1,5
3288568534,1,0,6,1,2,3,4,5,6,,5,6,4,3,1,2,,6,5,6,4,4,4,5,4,5,3,5,2,5,4,3,0,-1,0,0,2,3,3,7,1
3288567242,1,0,4,1,-1,-1,4,5,6,,4,5,6,2,3,1,,6,6,6,6,6,1,2,4,3,6,6,5,6,6,3,0,-1,0,1,1,4,4,2,3
3288567154,1,1,6,1,2,3,4,5,6,,6,5,4,1,2,3,,6,6,6,6,6,5,5,5,4,6,6,2,5,6,1,0,-1,1,0,4,3,5,3,1
3288563065,1,0,3,-1,-1,-1,4,5,6,,4,5,6,1,3,2,,4,6,4,1,6,1,6,4,4,5,5,1,1,6,3,0,-1,0,0,3,1,4,-1,5
3288559015,1,0,1,1,-1,-1,-1,-1,-1,,1,2,3,4,5,6,,4,6,6,4,5,4,4,4,4,6,6,4,-1,5,3,0,-1,0,1,3,3,5,7,7
3288558131,1,0,3,-1,-1,-1,4,5,6,,4,5,6,1,2,3,,5,5,5,5,5,1,2,5,3,5,5,4,1,5,3,0,-1,0,0,4,3,5,6,4
3288553903,1,1,6,1,2,3,4,5,6,,6,5,4,3,2,1,,6,6,6,6,6,5,6,5,6,6,6,2,5,6,1,0,-1,0,0,2,2,2,3,1
3288552984,1,1,5,1,2,3,-1,5,6,,4,1,2,5,6,3,,6,6,6,5,5,5,4,5,6,4,6,4,4,6,3,0,-1,1,1,4,2,3,7,2
3288547379,1,1,2,-1,-1,-1,-1,5,6,,3,4,5,6,1,2,,6,6,6,6,6,4,3,5,6,6,6,5,4,4,1,0,-1,0,0,4,2,4,9,5
3288545527,1,0,2,-1,-1,-1,-1,5,6,,3,4,5,6,1,2,,6,6,6,2,6,1,2,5,1,6,6,1,1,6,3,0,-1,0,1,4,3,5,1,5
3288544295,1,0,2,-1,-1,-1,-1,5,6,,3,4,5,6,1,2,,6,6,6,1,6,1,4,1,1,6,6,1,1,6,3,0,-1,0,1,3,3,4,3,5
3288538248,1,1,6,1,2,3,4,5,6,,4,5,6,1,3,2,,6,6,6,5,6,4,6,4,4,6,6,5,4,6,2,0,-1,1,0,1,1,3,4,1
3288536532,1,1,4,1,-1,-1,4,5,6,,4,5,6,1,3,2,,5,5,5,5,5,4,5,5,5,5,5,5,5,5,1,1,0,1,1,3,5,4,7,2
3288534023,1,0,2,-1,-1,-1,-1,5,6,,2,3,4,5,1,6,,5,5,5,4,4,4,3,4,4,5,5,4,4,5,3,0,-1,0,1,2,2,5,7,5
3288524042,1,1,6,1,2,3,4,5,6,,4,3,5,6,1,2,,4,5,5,4,5,3,3,4,4,5,5,-1,4,5,3,0,-1,0,0,4,2,3,6,2
3288523874,1,1,6,1,2,3,4,5,6,,6,5,4,1,3,2,,5,6,6,3,5,2,3,4,4,5,6,2,5,6,2,0,-1,1,0,1,4,5,6,1
3288522525,1,1,4,1,-1,-1,4,5,6,,4,5,6,1,2,3,,6,6,6,5,6,1,6,6,1,6,6,2,4,6,2,0,-1,0,1,3,5,3,3,3
3288522488,1,1,6,1,2,3,4,5,6,,5,6,4,1,3,2,,6,6,6,2,6,6,6,5,4,6,6,2,2,6,2,1,1,0,1,1,3,5,7,0
3288521325,1,1,4,1,-1,-1,4,5,6,,6,5,4,2,1,3,,6,6,6,4,6,4,5,3,6,6,6,2,5,5,2,0,-1,0,0,2,5,4,5,3
3288519037,1,0,1,1,-1,-1,-1,-1,-1,,1,4,5,6,2,3,,6,5,3,5,6,4,2,4,4,5,5,5,4,5,3,0,-1,0,1,4,5,5,7,6
3288516295,1,0,2,-1,-1,-1,-1,5,6,,3,4,5,6,1,2,,5,5,5,5,6,1,4,1,4,5,5,4,1,5,3,0,-1,0,1,4,4,5,1,5
3288515773,1,1,4,1,-1,-1,4,5,6,,4,5,6,1,2,3,,6,6,6,6,6,4,4,5,4,6,6,3,4,6,1,0,-1,0,1,3,5,4,1,3
3288514217,1,0,1,-1,-1,-1,-1,5,-1,,4,5,1,6,2,3,,4,4,4,4,4,4,4,4,4,4,4,4,4,4,3,0,-1,0,1,1,3,5,2,6
3288511180,1,0,1,1,-1,-1,-1,-1,-1,,1,2,3,4,5,6,,5,5,5,1,4,1,2,1,1,6,6,1,1,5,3,0,-1,0,1,3,4,3,3,6
3288506275,1,1,5,1,2,3,4,-1,6,,5,3,6,1,2,4,,6,6,6,3,6,4,5,5,6,6,6,5,4,6,1,0,-1,1,0,3,5,5,3,2
3288505925,1,1,6,1,2,3,4,5,6,,4,6,5,2,3,1,,6,5,5,4,6,3,4,4,4,5,6,3,4,6,2,0,-1,1,1,1,3,3,8,1
3288505737,1,1,6,1,2,3,4,5,6,,6,5,3,4,1,2,,5,5,5,3,6,5,5,5,5,3,5,3,3,5,2,0,-1,0,0,1,3,4,6,1
3288504398,1,0,1,1,-1,-1,-1,-1,-1,,1,2,3,4,5,6,,1,1,1,1,1,1,1,1,1,1,1,1,1,1,3,0,-1,0,0,3,3,2,6,6
3288502884,1,0,3,-1,-1,-1,4,5,6,,4,5,6,3,1,2,,4,4,4,4,4,1,4,1,1,4,4,4,1,4,3,0,-1,1,1,1,2,5,5,4
3288501301,1,1,6,1,2,3,4,5,6,,3,2,1,5,6,4,,6,6,4,6,4,1,2,5,1,5,5,4,4,5,3,0,-1,0,1,1,1,5,6,1
3288497228,1,1,6,1,2,3,4,5,6,,1,5,6,2,4,3,,5,6,6,5,5,2,3,4,4,5,4,6,6,6,2,0,-1,1,0,3,4,5,8,1
3288492006,1,0,3,1,-1,-1,-1,5,6,,3,4,5,6,1,2,,5,5,6,5,6,1,5,1,5,5,4,4,5,5,3,0,-1,1,1,1,2,3,1,4
3288484535,1,1,6,1,2,3,4,5,6,,3,4,5,6,1,2,,6,6,6,6,6,3,3,4,4,6,6,2,1,6,1,1,1,1,0,3,4,5,9,0
3288482717,1,1,6,1,2,3,4,5,6,,4,5,6,2,3,1,,6,6,6,3,6,4,6,5,5,5,6,3,5,6,2,1,0,1,1,1,3,4,3,0
3288482581,1,1,6,1,2,3,4,5,6,,5,6,4,1,2,3,,6,6,6,4,6,5,5,4,4,5,5,3,6,6,3,0,-1,1,0,2,3,3,2,1
3288482369,1,0,1,1,-1,-1,-1,-1,-1,,1,2,3,4,5,6,,4,4,4,4,4,4,6,4,4,4,4,4,4,4,1,1,1,1,1,1,2,3,4,5
3288477753,1,0,2,1,-1,3,-1,-1,-1,,1,5,2,6,4,3,,6,6,6,5,6,4,5,4,4,5,6,2,1,4,3,0,-1,0,0,3,4,4,9,5
3288476971,1,1,6,1,2,3,4,5,6,,6,4,5,2,1,3,,6,6,6,4,6,4,6,5,5,6,6,2,4,6,3,0,-1,1,1,2,3,5,8,1
3288469047,1,0,4,1,-1,3,-1,5,6,,4,5,1,6,2,3,,6,6,6,6,6,4,2,1,1,6,6,5,4,6,3,1,1,0,0,4,3,5,8,2
3288453555,1,0,1,1,-1,-1,-1,-1,-1,,1,2,3,4,5,6,,6,6,2,6,6,5,6,5,4,4,4,4,4,6,1,0,-1,0,0,4,3,5,3,6
3288446700,1,0,3,1,-1,-1,-1,5,6,,3,5,6,4,1,2,,5,5,6,5,5,4,6,5,4,4,4,4,4,6,3,0,-1,1,0,3,5,5,5,4
3288446529,1,1,5,1,2,3,-1,5,6,,4,5,3,6,1,2,,6,6,6,4,6,3,2,4,4,5,5,4,6,6,3,1,0,1,0,4,3,4,8,1
3288445926,1,0,6,1,2,3,4,5,6,,6,4,5,3,1,2,,6,6,6,6,6,5,6,5,5,6,6,2,5,6,3,0,-1,0,1,3,3,2,9,1
3288442728,1,1,6,1,2,3,4,5,6,,3,2,1,5,4,6,,5,5,5,6,6,2,5,1,1,5,6,6,6,6,1,0,-1,1,1,2,3,5,1,1
3288429451,1,1,6,1,2,3,4,5,6,,6,5,4,1,2,3,,6,6,6,5,6,2,4,3,3,6,6,3,5,6,2,1,1,1,1,1,1,3,1,0
3288429092,1,1,6,1,2,3,4,5,6,,6,4,5,1,2,3,,6,6,6,6,6,4,6,6,1,6,6,2,1,6,1,0,-1,1,1,4,3,3,6,1
3288428243,1,1,3,-1,-1,-1,4,5,6,,4,5,6,1,2,3,,6,6,6,5,6,1,6,6,6,6,6,6,1,6,3,0,-1,0,1,3,4,5,7,4
3288425859,1,0,6,1,2,3,4,5,6,,3,4,5,6,2,1,,6,6,6,6,6,6,2,4,5,6,6,6,6,6,3,0,-1,0,1,2,3,5,3,1
3288423045,1,0,2,-1,-1,-1,-1,5,6,,2,3,4,5,1,6,,6,6,6,4,6,4,5,4,4,6,6,4,4,6,3,0,-1,0,1,3,1,4,6,5
3288420798,1,0,3,1,-1,3,-1,-1,6,,3,4,2,5,6,1,,5,6,5,5,6,5,5,5,5,5,6,6,5,6,3,0,-1,0,1,1,2,3,6,4
3288417641,1,1,4,1,-1,-1,4,5,6,,4,5,6,1,2,3,,5,5,5,2,-1,6,2,4,3,6,6,4,5,6,3,0,-1,0,1,1,2,5,7,4
3288415166,1,0,5,1,2,3,-1,5,6,,5,4,3,6,1,2,,5,5,5,5,5,5,3,5,4,5,5,3,3,4,2,0,-1,0,0,3,4,5,3,2
3288414025,1,1,6,1,2,3,4,5,6,,5,6,4,3,1,2,,6,6,6,6,6,1,6,6,6,6,6,1,6,6,1,0,-1,1,1,2,3,4,4,1
3288413441,1,1,6,1,2,3,4,5,6,,6,5,1,4,3,2,,6,6,6,6,6,3,5,1,5,5,5,3,6,6,3,0,-1,0,1,1,5,3,7,1
3288408698,1,1,4,1,-1,-1,4,5,6,,4,5,6,3,1,2,,6,6,6,4,6,5,6,6,5,6,6,2,3,6,2,0,-1,1,0,3,2,4,7,3
3288402643,1,1,6,1,2,3,4,5,6,,6,2,1,5,3,4,,6,6,6,5,6,6,6,3,2,6,6,4,4,3,2,1,1,1,1,4,2,4,4,0
3288401136,1,1,6,1,2,3,4,5,6,,1,3,4,6,2,5,,6,4,5,6,5,4,6,4,5,5,6,4,4,5,2,1,0,1,1,3,3,5,9,0
3288398062,1,0,2,1,2,-1,-1,-1,-1,,2,1,3,4,5,6,,4,4,4,4,4,4,4,4,4,4,4,4,4,4,3,0,-1,0,1,3,1,2,3,5
3288396374,1,0,5,1,2,3,-1,5,6,,1,2,3,4,5,6,,6,5,6,6,5,4,4,1,1,6,6,6,1,6,3,0,-1,1,0,4,3,3,6,2
3288391812,1,1,2,-1,-1,-1,-1,5,6,,3,4,5,6,1,2,,6,6,6,4,6,4,2,4,4,6,6,4,4,6,2,0,-1,1,1,3,1,3,8,5
3288389603,1,1,6,1,2,3,4,5,6,,3,4,5,2,1,6,,6,6,6,5,6,5,6,5,5,6,6,5,5,6,2,0,-1,0,1,3,1,3,6,1
3288388730,1,1,6,1,2,3,4,5,6,,5,4,6,3,2,1,,6,5,5,5,6,5,5,5,5,6,6,5,5,6,2,0,-1,1,1,1,1,3,1,1
3288378779,1,1,6,1,2,3,4,5,6,,4,5,6,2,3,1,,6,5,6,3,6,4,2,5,1,5,6,3,3,6,3,0,-1,1,1,2,3,4,4,1
3288373068,1,1,6,1,2,3,4,5,6,,4,3,6,5,2,1,,6,4,6,6,6,4,6,5,6,5,5,6,5,6,2,0,-1,1,1,3,4,3,1,1
3288372923,1,0,4,1,2,-1,-1,5,6,,6,1,2,3,4,5,,6,6,6,2,6,2,6,2,1,5,5,2,4,2,3,0,-1,0,1,4,3,5,6,3
